{
  "image_path": "/root/clip_xai/dermaCAP/dermaCAP_img/derma_ddi2_a0f58f71ab0a.png",
  "method": "attentionxgradient_wordlevel",
  "config": {
    "canvas_width_px": 720,
    "canvas_height_px": 1400,
    "margins_px": 16,
    "block_gap_px": 10,
    "image_block_height_px": 360,
    "font_path_regular": "/usr/share/fonts/truetype/dejavu/DejaVuSans.ttf",
    "fs_header": 22,
    "fs_text": 20,
    "fs_small": 16,
    "fs_text_min": 14,
    "line_pad_px": 6,
    "tau": 0.6,
    "topk": 12,
    "show_reference": true,
    "word_agg": "max",
    "auto_shrink_text": true,
    "auto_expand_canvas": true,
    "canvas_height_max_px": 4000
  },
  "caption_generated": "More than 1 photo for this patient: No, Fitzpatrick skin type: 3, 4, 5, 6, 7, 8, 9, 10, 11, 12, 13, 14, 15, 16, 17, 18, 19, 20,",
  "caption_reference": "More than 1 photo for this patient: No, Fitzpatrick skin type: IV, Anatomical site (detailed): Left front scalp, Anatomical site (general): Head and Neck, Diagnosis (detailed): Angiosarcoma, Diagnosis (general): Angiosarcoma, Dermatological presentation: growth, Benign/Malignant: malignant, Common/Uncommon: uncommon, Cropped: Yes, Extra markings: marker, Sex: Female, Race: Asian, Ethnicity: Non-Hispanic, Self-described ethnic background: Unknown, Language: Gujarati, Interpreter needed: Yes",
  "display_units": [
    "More",
    "than",
    "1",
    "photo",
    "for",
    "this",
    "patient:",
    "No,",
    "Fitzpatrick",
    "skin",
    "type:",
    "3,",
    "4,",
    "5,",
    "6,",
    "7,",
    "8,",
    "9,",
    "10,",
    "11,",
    "12,",
    "13,",
    "14,",
    "15,",
    "16,",
    "17,",
    "18,",
    "19,",
    "20,"
  ],
  "scores": [
    0.0,
    0.37481197714805603,
    0.2727774679660797,
    0.16944189369678497,
    0.14162158966064453,
    0.03746561333537102,
    0.2909940779209137,
    0.2867698669433594,
    0.0,
    0.02481580339372158,
    0.07072610408067703,
    0.07965696603059769,
    0.023042038083076477,
    0.058693259954452515,
    0.1233104020357132,
    0.14379340410232544,
    0.050318848341703415,
    0.04711945727467537,
    0.4469539523124695,
    0.43180808424949646,
    0.4303198754787445,
    0.2268865704536438,
    0.1633591204881668,
    0.38184428215026855,
    0.4988469183444977,
    0.9999998807907104,
    0.5422047972679138,
    0.2138114720582962,
    0.23869286477565765
  ],
  "meta": {
    "cos": 0.21099773049354553,
    "used_attention": false,
    "aggregation": "max",
    "words_count": 29,
    "tokens_count": 75,
    "token_max": 0.9999998807907104,
    "token_cov@tau": 0.034482758620689655
  },
  "outputs": {
    "png": "/root/clip_xai/final/xai_results_final/attentionxgradient/derma_ddi2_a0f58f71ab0a.png"
  }
}