{
  "image_path": "/root/clip_xai/dermaCAP/dermaCAP_img/derma_ddi2_d3f1502edb03.png",
  "method": "attentionxgradient_wordlevel",
  "config": {
    "canvas_width_px": 720,
    "canvas_height_px": 1400,
    "margins_px": 16,
    "block_gap_px": 10,
    "image_block_height_px": 360,
    "font_path_regular": "/usr/share/fonts/truetype/dejavu/DejaVuSans.ttf",
    "fs_header": 22,
    "fs_text": 20,
    "fs_small": 16,
    "fs_text_min": 14,
    "line_pad_px": 6,
    "tau": 0.6,
    "topk": 12,
    "show_reference": true,
    "word_agg": "max",
    "auto_shrink_text": true,
    "auto_expand_canvas": true,
    "canvas_height_max_px": 4000
  },
  "caption_generated": "More than 1 photo for this patient: No, Fitzpatrick skin type: 3, 4, 5, 6, 7, 8, 9, 10, 11, 12, 13, 14, 15, 16, 17, 18, 19, 20,",
  "caption_reference": "More than 1 photo for this patient: No, Fitzpatrick skin type: 3, 4, Anatomical site (detailed): Left third toe, Anatomical site (general): Lower Limb, Diagnosis (detailed): Digital fibromyxoma, Diagnosis (general): Digital fibromyxoma, Dermatological presentation: growth, Benign/Malignant: benign, Common/Uncommon: uncommon, Cropped: No, Extra markings: none, Sex: Male, Race: Asian, Ethnicity: Non-Hispanic, Self-described ethnic background: Unknown, Language: Mandarin, Interpreter needed: Yes",
  "display_units": [
    "More",
    "than",
    "1",
    "photo",
    "for",
    "this",
    "patient:",
    "No,",
    "Fitzpatrick",
    "skin",
    "type:",
    "3,",
    "4,",
    "5,",
    "6,",
    "7,",
    "8,",
    "9,",
    "10,",
    "11,",
    "12,",
    "13,",
    "14,",
    "15,",
    "16,",
    "17,",
    "18,",
    "19,",
    "20,"
  ],
  "scores": [
    0.0,
    0.5912919640541077,
    0.45714473724365234,
    0.1741630882024765,
    0.3463161885738373,
    0.06566030532121658,
    0.39278289675712585,
    0.7780104875564575,
    0.0,
    0.18490709364414215,
    0.1971813440322876,
    0.43244364857673645,
    0.0860525518655777,
    0.13512462377548218,
    0.20184090733528137,
    0.21570752561092377,
    0.08505567163228989,
    0.20868776738643646,
    0.5726141333580017,
    0.49753493070602417,
    0.43987080454826355,
    0.2540053427219391,
    0.0649309903383255,
    0.15555793046951294,
    0.2940790057182312,
    0.9999997615814209,
    0.8354365825653076,
    0.22631679475307465,
    0.3195267915725708
  ],
  "meta": {
    "cos": 0.21475562453269958,
    "used_attention": false,
    "aggregation": "max",
    "words_count": 29,
    "tokens_count": 75,
    "token_max": 0.9999997615814209,
    "token_cov@tau": 0.10344827586206896
  },
  "outputs": {
    "png": "/root/clip_xai/final/xai_results_final/attentionxgradient/derma_ddi2_d3f1502edb03.png"
  }
}