{
  "image_path": "/root/clip_xai/dermaCAP/dermaCAP_img/derma_ddi2_bbe614d86bc3.png",
  "method": "attentionxgradient_wordlevel",
  "config": {
    "canvas_width_px": 720,
    "canvas_height_px": 1400,
    "margins_px": 16,
    "block_gap_px": 10,
    "image_block_height_px": 360,
    "font_path_regular": "/usr/share/fonts/truetype/dejavu/DejaVuSans.ttf",
    "fs_header": 22,
    "fs_text": 20,
    "fs_small": 16,
    "fs_text_min": 14,
    "line_pad_px": 6,
    "tau": 0.6,
    "topk": 12,
    "show_reference": true,
    "word_agg": "max",
    "auto_shrink_text": true,
    "auto_expand_canvas": true,
    "canvas_height_max_px": 4000
  },
  "caption_generated": "This is a common skin lesion on the earlobe, usually caused by seborrheic keratosis. It is recommended to seek medical attention promptly for further evaluation and treatment.",
  "caption_reference": "More than 1 photo for this patient: No, Fitzpatrick skin type: IV, Anatomical site (detailed): Right temple, Anatomical site (general): Head and Neck, Diagnosis (detailed): Verruca vulgaris, Diagnosis (general): Verruca, Dermatological presentation: growth, Benign/Malignant: benign, Common/Uncommon: common, Cropped: No, Extra markings: ruler, Sex: Female, Race: Asian, Ethnicity: Non-Hispanic, Self-described ethnic background: Unknown, Language: Tagalog, Interpreter needed: No",
  "display_units": [
    "This",
    "is",
    "a",
    "common",
    "skin",
    "lesion",
    "on",
    "the",
    "earlobe,",
    "usually",
    "caused",
    "by",
    "seborrheic",
    "keratosis.",
    "It",
    "is",
    "recommended",
    "to",
    "seek",
    "medical",
    "attention",
    "promptly",
    "for",
    "further",
    "evaluation",
    "and",
    "treatment."
  ],
  "scores": [
    0.42805492877960205,
    0.0,
    0.21522358059883118,
    0.26050055027008057,
    0.15431903302669525,
    0.5426676869392395,
    0.17719300091266632,
    0.24486930668354034,
    0.5907990336418152,
    0.09366302192211151,
    0.016409022733569145,
    0.11054887622594833,
    0.3090173900127411,
    0.9999995827674866,
    0.0,
    0.02244967594742775,
    0.04819594323635101,
    0.06814984232187271,
    0.05349653586745262,
    0.1963098645210266,
    0.11119548976421356,
    0.5318419337272644,
    0.2660541832447052,
    0.10542789846658707,
    0.12038732320070267,
    0.2319507747888565,
    0.17057979106903076
  ],
  "meta": {
    "cos": 0.27875012159347534,
    "used_attention": false,
    "aggregation": "max",
    "words_count": 27,
    "tokens_count": 75,
    "token_max": 0.9999995827674866,
    "token_cov@tau": 0.037037037037037035
  },
  "outputs": {
    "png": "/root/clip_xai/final/xai_results_final/attentionxgradient/derma_ddi2_bbe614d86bc3.png"
  }
}