{
  "image_path": "/root/clip_xai/dermaCAP/dermaCAP_img/derma_ddi2_e7832f30a9c7.png",
  "method": "attentionxgradient_wordlevel",
  "config": {
    "canvas_width_px": 720,
    "canvas_height_px": 1400,
    "margins_px": 16,
    "block_gap_px": 10,
    "image_block_height_px": 360,
    "font_path_regular": "/usr/share/fonts/truetype/dejavu/DejaVuSans.ttf",
    "fs_header": 22,
    "fs_text": 20,
    "fs_small": 16,
    "fs_text_min": 14,
    "line_pad_px": 6,
    "tau": 0.6,
    "topk": 12,
    "show_reference": true,
    "word_agg": "max",
    "auto_shrink_text": true,
    "auto_expand_canvas": true,
    "canvas_height_max_px": 4000
  },
  "caption_generated": "More than 1 photo for this patient: No, Fitzpatrick skin type: 3, 4, Anatomical site (detailed): Right lower leg, 4th metacarpophalangeal joint, 3rd and 4th interphalangeal joints",
  "caption_reference": "More than 1 photo for this patient: Yes, Fitzpatrick skin type: III, Anatomical site (detailed): Right lower leg, Anatomical site (general): Lower Limb, Diagnosis (detailed): Folliculitis, Diagnosis (general): Folliculitis, Dermatological presentation: growth, Benign/Malignant: benign, Common/Uncommon: common, Cropped: No, Extra markings: marker, Sex: Male, Race: Asian, Ethnicity: Non-Hispanic, Self-described ethnic background: Chinese, except Taiwanese, Language: English, Interpreter needed: No",
  "display_units": [
    "More",
    "than",
    "1",
    "photo",
    "for",
    "this",
    "patient:",
    "No,",
    "Fitzpatrick",
    "skin",
    "type:",
    "3,",
    "4,",
    "Anatomical",
    "site",
    "(detailed):",
    "Right",
    "lower",
    "leg,",
    "4th",
    "metacarpophalangeal",
    "joint,",
    "3rd",
    "and",
    "4th",
    "interphalangeal",
    "joints"
  ],
  "scores": [
    0.0,
    0.21212735772132874,
    0.36486780643463135,
    0.05052097141742706,
    0.28196990489959717,
    0.1095890924334526,
    0.317936509847641,
    0.18072737753391266,
    0.0,
    0.04716408625245094,
    0.11436975002288818,
    0.296085387468338,
    0.3412041664123535,
    0.3096279203891754,
    0.04443187639117241,
    0.08740072697401047,
    0.0,
    0.3683624863624573,
    0.12158209830522537,
    0.27775418758392334,
    0.9999997615814209,
    0.611305832862854,
    0.3481355905532837,
    0.24191507697105408,
    0.43260112404823303,
    0.6270825862884521,
    0.08890525996685028
  ],
  "meta": {
    "cos": 0.14538364112377167,
    "used_attention": false,
    "aggregation": "max",
    "words_count": 27,
    "tokens_count": 75,
    "token_max": 0.9999997615814209,
    "token_cov@tau": 0.1111111111111111
  },
  "outputs": {
    "png": "/root/clip_xai/final/xai_results_final/attentionxgradient/derma_ddi2_e7832f30a9c7.png"
  }
}