{
  "image_path": "/root/clip_xai/dermaCAP/dermaCAP_img/derma_ddi2_2c7a8a435089.png",
  "method": "attentionxgradient_wordlevel",
  "config": {
    "canvas_width_px": 720,
    "canvas_height_px": 1400,
    "margins_px": 16,
    "block_gap_px": 10,
    "image_block_height_px": 360,
    "font_path_regular": "/usr/share/fonts/truetype/dejavu/DejaVuSans.ttf",
    "fs_header": 22,
    "fs_text": 20,
    "fs_small": 16,
    "fs_text_min": 14,
    "line_pad_px": 6,
    "tau": 0.6,
    "topk": 12,
    "show_reference": true,
    "word_agg": "max",
    "auto_shrink_text": true,
    "auto_expand_canvas": true,
    "canvas_height_max_px": 4000
  },
  "caption_generated": "More than 1 photo for this patient: No, Fitzpatrick skin type 3-4, 4-5, 6-7, 8-9, 10-12, 13-14, 15-16, 17-18, 19-20, 21",
  "caption_reference": "More than 1 photo for this patient: No, Fitzpatrick skin type: III, Anatomical site (detailed): Chest, Anatomical site (general): Chest, Diagnosis (detailed): Graft versus host disease, Diagnosis (general): Graft versus host disease, Dermatological presentation: rash, Benign/Malignant: benign, Common/Uncommon: uncommon, Cropped: Yes, Extra markings: none, Sex: Female, Race: Asian, Ethnicity: Non-Hispanic, Self-described ethnic background: Unknown, Language: English, Interpreter needed: No",
  "display_units": [
    "More",
    "than",
    "1",
    "photo",
    "for",
    "this",
    "patient:",
    "No,",
    "Fitzpatrick",
    "skin",
    "type",
    "3-4,",
    "4-5,",
    "6-7,",
    "8-9,",
    "10-12,",
    "13-14,",
    "15-16,",
    "17-18,",
    "19-20,",
    "21"
  ],
  "scores": [
    0.0,
    0.3567836284637451,
    0.7090250849723816,
    0.5008329153060913,
    0.32534369826316833,
    0.010023445822298527,
    0.23688331246376038,
    0.23477476835250854,
    0.0,
    0.007468630559742451,
    0.029941195622086525,
    0.2276417464017868,
    0.6587274670600891,
    0.492301344871521,
    0.7011316418647766,
    0.5581909418106079,
    0.4382510483264923,
    0.9999997019767761,
    0.8950217962265015,
    0.8999035954475403,
    0.4542706608772278
  ],
  "meta": {
    "cos": 0.22392958402633667,
    "used_attention": false,
    "aggregation": "max",
    "words_count": 21,
    "tokens_count": 75,
    "token_max": 0.9999997019767761,
    "token_cov@tau": 0.2857142857142857
  },
  "outputs": {
    "png": "/root/clip_xai/final/xai_results_final/attentionxgradient/derma_ddi2_2c7a8a435089.png"
  }
}