{
  "image_path": "/root/clip_xai/dermaCAP/dermaCAP_img/derma_ddi2_9aaabcc189d0.png",
  "method": "attentionxgradient_wordlevel",
  "config": {
    "canvas_width_px": 720,
    "canvas_height_px": 1400,
    "margins_px": 16,
    "block_gap_px": 10,
    "image_block_height_px": 360,
    "font_path_regular": "/usr/share/fonts/truetype/dejavu/DejaVuSans.ttf",
    "fs_header": 22,
    "fs_text": 20,
    "fs_small": 16,
    "fs_text_min": 14,
    "line_pad_px": 6,
    "tau": 0.6,
    "topk": 12,
    "show_reference": true,
    "word_agg": "max",
    "auto_shrink_text": true,
    "auto_expand_canvas": true,
    "canvas_height_max_px": 4000
  },
  "caption_generated": "This is a photo of the patient's hand, showing multiple small papules on the surface of the skin, consistent with the clinical presentation of a skin-colored skin tag. Skin tags are common skin...",
  "caption_reference": "More than 1 photo for this patient: No, Fitzpatrick skin type: III, Anatomical site (detailed): Right wrist, Anatomical site (general): Upper Limb, Diagnosis (detailed): Verruca plana, Diagnosis (general): Verruca, Dermatological presentation: rash, Benign/Malignant: benign, Common/Uncommon: common, Cropped: No, Extra markings: marker, ruler, Sex: Female, Race: Asian, Ethnicity: Non-Hispanic, Self-described ethnic background: Unknown, Language: English, Interpreter needed: No",
  "display_units": [
    "This",
    "is",
    "a",
    "photo",
    "of",
    "the",
    "patient's",
    "hand,",
    "showing",
    "multiple",
    "small",
    "papules",
    "on",
    "the",
    "surface",
    "of",
    "the",
    "skin,",
    "consistent",
    "with",
    "the",
    "clinical",
    "presentation",
    "of",
    "a",
    "skin-colored",
    "skin",
    "tag.",
    "Skin",
    "tags",
    "are",
    "common",
    "skin..."
  ],
  "scores": [
    0.04492280259728432,
    0.0,
    0.17399795353412628,
    0.1108832061290741,
    0.026596689596772194,
    0.028063632547855377,
    0.04110203683376312,
    0.39809533953666687,
    0.21325550973415375,
    0.23353922367095947,
    0.20163561403751373,
    0.38124847412109375,
    0.14580267667770386,
    0.12112097442150116,
    0.11048345267772675,
    0.16337670385837555,
    0.09589214622974396,
    0.25983425974845886,
    0.41727414727211,
    0.13260555267333984,
    0.0032237384002655745,
    0.40101516246795654,
    0.43281885981559753,
    0.4025140106678009,
    0.24461916089057922,
    0.2799590229988098,
    0.3944762945175171,
    0.9999997019767761,
    0.0,
    0.0,
    0.0,
    0.0,
    0.3259206712245941
  ],
  "meta": {
    "cos": 0.23675298690795898,
    "used_attention": false,
    "aggregation": "max",
    "words_count": 33,
    "tokens_count": 75,
    "token_max": 0.9999997019767761,
    "token_cov@tau": 0.030303030303030304
  },
  "outputs": {
    "png": "/root/clip_xai/final/xai_results_final/attentionxgradient/derma_ddi2_9aaabcc189d0.png"
  }
}