{
  "image_path": "/root/clip_xai/dermaCAP/dermaCAP_img/derma_ddi2_95592bebd3de.png",
  "method": "attentionxgradient_wordlevel",
  "config": {
    "canvas_width_px": 720,
    "canvas_height_px": 1400,
    "margins_px": 16,
    "block_gap_px": 10,
    "image_block_height_px": 360,
    "font_path_regular": "/usr/share/fonts/truetype/dejavu/DejaVuSans.ttf",
    "fs_header": 22,
    "fs_text": 20,
    "fs_small": 16,
    "fs_text_min": 14,
    "line_pad_px": 6,
    "tau": 0.6,
    "topk": 12,
    "show_reference": true,
    "word_agg": "max",
    "auto_shrink_text": true,
    "auto_expand_canvas": true,
    "canvas_height_max_px": 4000
  },
  "caption_generated": "This is a photo of the patient's face, showing a large number of small round papules on the skin surface, consistent with the clinical presentation of actinic keratosis. This is a common skin...",
  "caption_reference": "More than 1 photo for this patient: Yes, Fitzpatrick skin type: 3, 4, Anatomical site (detailed): Right cheek, Anatomical site (general): Head and Neck, Diagnosis (detailed): Seborrheic keratosis, Diagnosis (general): Benign keratosis, Dermatological presentation: growth, Benign/Malignant: benign, Common/Uncommon: common, Cropped: Yes, Extra markings: marker, Sex: Female, Race: Asian, Ethnicity: Non-Hispanic, Self-described ethnic background: Filipino, Language: English, Interpreter needed: No",
  "display_units": [
    "This",
    "is",
    "a",
    "photo",
    "of",
    "the",
    "patient's",
    "face,",
    "showing",
    "a",
    "large",
    "number",
    "of",
    "small",
    "round",
    "papules",
    "on",
    "the",
    "skin",
    "surface,",
    "consistent",
    "with",
    "the",
    "clinical",
    "presentation",
    "of",
    "actinic",
    "keratosis.",
    "This",
    "is",
    "a",
    "common",
    "skin..."
  ],
  "scores": [
    0.15035435557365417,
    0.0,
    0.001638556132093072,
    0.27199485898017883,
    0.11234815418720245,
    0.06255783885717392,
    0.18288487195968628,
    0.14848318696022034,
    0.07768436521291733,
    0.11094487458467484,
    0.08786424994468689,
    0.2564307451248169,
    0.43039292097091675,
    0.18159815669059753,
    0.48562413454055786,
    0.022741440683603287,
    0.4633493721485138,
    0.0597909577190876,
    0.14484050869941711,
    0.5434772968292236,
    0.20969316363334656,
    0.264618456363678,
    0.2903437316417694,
    0.08480030298233032,
    0.3551214635372162,
    0.41942596435546875,
    0.9999996423721313,
    0.5949214696884155,
    0.11872422695159912,
    0.0,
    0.2306942641735077,
    0.06142400577664375,
    0.32988181710243225
  ],
  "meta": {
    "cos": 0.27149707078933716,
    "used_attention": false,
    "aggregation": "max",
    "words_count": 33,
    "tokens_count": 75,
    "token_max": 0.9999996423721313,
    "token_cov@tau": 0.030303030303030304
  },
  "outputs": {
    "png": "/root/clip_xai/final/xai_results_final/attentionxgradient/derma_ddi2_95592bebd3de.png"
  }
}