{
  "image_path": "/root/clip_xai/dermaCAP/dermaCAP_img/derma_ddi2_2c7a8a435089.png",
  "method": "integrated_gradients_wordlevel",
  "config": {
    "canvas_width_px": 720,
    "canvas_height_px": 1400,
    "margins_px": 16,
    "block_gap_px": 10,
    "image_block_height_px": 360,
    "font_path_regular": "/usr/share/fonts/truetype/dejavu/DejaVuSans.ttf",
    "fs_header": 22,
    "fs_text": 20,
    "fs_small": 16,
    "fs_text_min": 14,
    "line_pad_px": 6,
    "steps": 32,
    "tau": 0.6,
    "word_agg": "max",
    "topk": 12,
    "show_reference": true,
    "drop_special_tokens": true,
    "merge_bpe_suffix": "</w>",
    "auto_shrink_text": true,
    "auto_expand_canvas": true,
    "canvas_height_max_px": 4000
  },
  "caption_generated": "More than 1 photo for this patient: No, Fitzpatrick skin type 3-4, 4-5, 6-7, 8-9, 10-12, 13-14, 15-16, 17-18, 19-20, 21",
  "caption_reference": "More than 1 photo for this patient: No, Fitzpatrick skin type: III, Anatomical site (detailed): Chest, Anatomical site (general): Chest, Diagnosis (detailed): Graft versus host disease, Diagnosis (general): Graft versus host disease, Dermatological presentation: rash, Benign/Malignant: benign, Common/Uncommon: uncommon, Cropped: Yes, Extra markings: none, Sex: Female, Race: Asian, Ethnicity: Non-Hispanic, Self-described ethnic background: Unknown, Language: English, Interpreter needed: No",
  "display_units": [
    "More",
    "than",
    "1",
    "photo",
    "for",
    "this",
    "patient:",
    "No,",
    "Fitzpatrick",
    "skin",
    "type",
    "3-4,",
    "4-5,",
    "6-7,",
    "8-9,",
    "10-12,",
    "13-14,",
    "15-16,",
    "17-18,",
    "19-20,",
    "21"
  ],
  "scores": [
    0.1635553389787674,
    0.08006300777196884,
    0.07526882737874985,
    0.037053994834423065,
    0.09657805413007736,
    0.009884566999971867,
    0.0,
    0.04535803198814392,
    0.11711994558572769,
    0.02191218174993992,
    0.11030518263578415,
    0.06115733087062836,
    0.07014217227697372,
    0.12024827301502228,
    0.015429715625941753,
    0.15855658054351807,
    0.20340779423713684,
    0.23297110199928284,
    0.04169303923845291,
    0.23910176753997803,
    1.0
  ],
  "meta": {
    "cos": 0.22392958402633667,
    "steps": 32,
    "token_max": 1.0,
    "token_cov@tau": 0.047619047619047616,
    "words_count": 21,
    "tokens_count": 63,
    "word_agg": "max",
    "backend": "open_clip"
  },
  "top": [
    {
      "word": "21",
      "score": 1.0
    },
    {
      "word": "19-20,",
      "score": 0.23910176753997803
    },
    {
      "word": "15-16,",
      "score": 0.23297110199928284
    },
    {
      "word": "13-14,",
      "score": 0.20340779423713684
    },
    {
      "word": "More",
      "score": 0.1635553389787674
    },
    {
      "word": "10-12,",
      "score": 0.15855658054351807
    },
    {
      "word": "6-7,",
      "score": 0.12024827301502228
    },
    {
      "word": "Fitzpatrick",
      "score": 0.11711994558572769
    },
    {
      "word": "type",
      "score": 0.11030518263578415
    },
    {
      "word": "for",
      "score": 0.09657805413007736
    },
    {
      "word": "than",
      "score": 0.08006300777196884
    },
    {
      "word": "1",
      "score": 0.07526882737874985
    }
  ],
  "outputs": {
    "png": "/root/clip_xai/final/xai_results_final/integrated_gradients/derma_ddi2_2c7a8a435089.png"
  }
}