{
  "image_path": "/root/clip_xai/dermaCAP/dermaCAP_img/derma_ddi2_a0f58f71ab0a.png",
  "method": "kernelshap_wordlevel",
  "config": {
    "canvas_width_px": 720,
    "canvas_height_px": 1400,
    "margins_px": 16,
    "block_gap_px": 10,
    "image_block_height_px": 360,
    "max_tokens": 40,
    "num_samples": 300,
    "ridge_lambda": 0.01,
    "batch_text": 32,
    "tau": 0.6,
    "fs_header": 22,
    "fs_text": 20,
    "fs_small": 16,
    "fs_text_min": 14,
    "line_pad_px": 6,
    "font_path_regular": "/usr/share/fonts/truetype/dejavu/DejaVuSans.ttf",
    "auto_shrink_text": true,
    "auto_expand_canvas": true,
    "canvas_height_max_px": 4000,
    "show_reference": true
  },
  "caption_generated": "More than 1 photo for this patient: No, Fitzpatrick skin type: 3, 4, 5, 6, 7, 8, 9, 10, 11, 12, 13, 14, 15, 16, 17, 18, 19, 20,",
  "caption_reference": "More than 1 photo for this patient: No, Fitzpatrick skin type: IV, Anatomical site (detailed): Left front scalp, Anatomical site (general): Head and Neck, Diagnosis (detailed): Angiosarcoma, Diagnosis (general): Angiosarcoma, Dermatological presentation: growth, Benign/Malignant: malignant, Common/Uncommon: uncommon, Cropped: Yes, Extra markings: marker, Sex: Female, Race: Asian, Ethnicity: Non-Hispanic, Self-described ethnic background: Unknown, Language: Gujarati, Interpreter needed: Yes",
  "meta": {
    "phi_raw": [
      0.01045532152056694,
      0.005329940002411604,
      0.009567759931087494,
      0.00980833824723959,
      0.011934541165828705,
      0.010160049423575401,
      0.009536725468933582,
      0.011935476213693619,
      0.009086626581847668,
      0.007276787422597408,
      0.0013065844541415572,
      0.01098314207047224,
      0.009631381370127201,
      0.011364663019776344,
      0.011523307301104069,
      0.005854174494743347,
      0.010532443411648273,
      0.007407312281429768,
      0.0059704710729420185,
      0.002432585461065173,
      0.0043932488188147545,
      0.0038468914572149515,
      0.004040165338665247,
      0.002576703205704689,
      0.004241118673235178,
      0.0027895369566977024,
      0.004991565365344286,
      0.00452687032520771,
      0.0075002615340054035
    ],
    "words_count": 29,
    "masks_sampled": 300,
    "masks_unique": 300,
    "base_sim": 0.21099773049354553,
    "token_max": 0.9999991059303284,
    "token_cov@tau": 0.4482758620689655,
    "reg_used": 0.01,
    "weight_range": [
      2.5774013010568126e-10,
      149.9250366992648
    ]
  },
  "outputs": {
    "png": "/root/clip_xai/final/xai_results_final/kernelshap/derma_ddi2_a0f58f71ab0a.png"
  }
}