{
  "image_path": "/root/clip_xai/dermaCAP/dermaCAP_img/derma_ddi2_aac8b3d62b16.png",
  "method": "kernelshap_wordlevel",
  "config": {
    "canvas_width_px": 720,
    "canvas_height_px": 1400,
    "margins_px": 16,
    "block_gap_px": 10,
    "image_block_height_px": 360,
    "max_tokens": 40,
    "num_samples": 300,
    "ridge_lambda": 0.01,
    "batch_text": 32,
    "tau": 0.6,
    "fs_header": 22,
    "fs_text": 20,
    "fs_small": 16,
    "fs_text_min": 14,
    "line_pad_px": 6,
    "font_path_regular": "/usr/share/fonts/truetype/dejavu/DejaVuSans.ttf",
    "auto_shrink_text": true,
    "auto_expand_canvas": true,
    "canvas_height_max_px": 4000,
    "show_reference": true
  },
  "caption_generated": "In this case, the patient presents with red patches on the back of the lower leg, which are consistent with the clinical presentation of seborrheic keratosis. It is recommended to undergo a skin...",
  "caption_reference": "More than 1 photo for this patient: No, Fitzpatrick skin type: III, Anatomical site (detailed): Left inner thigh, Anatomical site (general): Lower Limb, Diagnosis (detailed): Lichenoid dermatitis, Diagnosis (general): Lichenoid dermatitis, Dermatological presentation: rash, Benign/Malignant: benign, Common/Uncommon: common, Cropped: No, Extra markings: marker, ruler, Sex: Female, Race: Asian, Ethnicity: Non-Hispanic, Self-described ethnic background: Chinese, except Taiwanese, Language: Cantonese, Interpreter needed: No",
  "meta": {
    "phi_raw": [
      0.00898821372538805,
      0.009560231119394302,
      0.007060100324451923,
      0.007124058436602354,
      0.0011200571898370981,
      0.0009293760522268713,
      0.004953026305884123,
      0.011173841543495655,
      0.011779342778027058,
      0.008102087303996086,
      0.0071241604164242744,
      0.003296304028481245,
      0.010258865542709827,
      0.007123987190425396,
      0.006848741322755814,
      0.018834684044122696,
      0.007698250003159046,
      0.008710065856575966,
      0.008074229583144188,
      0.004953091498464346,
      0.007124045863747597,
      0.0037243857514113188,
      0.004571255296468735,
      0.010259049013257027,
      0.0022931608837097883,
      0.011882240884006023,
      0.010766497813165188,
      0.005855043884366751,
      0.007978681474924088,
      0.010935553349554539,
      0.0009884897153824568,
      0.006117503624409437,
      0.013897663913667202
    ],
    "words_count": 33,
    "masks_sampled": 300,
    "masks_unique": 300,
    "base_sim": 0.25010091066360474,
    "token_max": 0.999999463558197,
    "token_cov@tau": 0.12121212121212122,
    "reg_used": 0.01,
    "weight_range": [
      1.5116723244643655e-11,
      149.92503740630582
    ]
  },
  "outputs": {
    "png": "/root/clip_xai/final/xai_results_final/kernelshap/derma_ddi2_aac8b3d62b16.png"
  }
}