{
  "image_path": "/root/clip_xai/dermaCAP/dermaCAP_img/derma_ddi2_e2774950d907.png",
  "method": "kernelshap_wordlevel",
  "config": {
    "canvas_width_px": 720,
    "canvas_height_px": 1400,
    "margins_px": 16,
    "block_gap_px": 10,
    "image_block_height_px": 360,
    "max_tokens": 40,
    "num_samples": 300,
    "ridge_lambda": 0.01,
    "batch_text": 32,
    "tau": 0.6,
    "fs_header": 22,
    "fs_text": 20,
    "fs_small": 16,
    "fs_text_min": 14,
    "line_pad_px": 6,
    "font_path_regular": "/usr/share/fonts/truetype/dejavu/DejaVuSans.ttf",
    "auto_shrink_text": true,
    "auto_expand_canvas": true,
    "canvas_height_max_px": 4000,
    "show_reference": true
  },
  "caption_generated": "This is a photo of the skin lesion on the back of the patient's back, showing a light brown papule with a rough surface, consistent with the clinical presentation of seborrheic keratosis. This is a...",
  "caption_reference": "More than 1 photo for this patient: No, Fitzpatrick skin type: IV, Anatomical site (detailed): Left shoulder, Anatomical site (general): Upper Limb, Diagnosis (detailed): Seborrheic keratosis, Diagnosis (general): Benign keratosis, Dermatological presentation: growth, Benign/Malignant: benign, Common/Uncommon: common, Cropped: Yes, Extra markings: marker, Sex: Male, Race: Asian, Ethnicity: Non-Hispanic, Self-described ethnic background: Unknown, Language: English, Interpreter needed: No",
  "meta": {
    "phi_raw": [
      0.007095914334058762,
      0.007023409940302372,
      0.003902875352650881,
      0.003279732773080468,
      0.0070222592912614346,
      0.006323079112917185,
      0.009218980558216572,
      0.005514305550605059,
      0.00616545882076025,
      0.006323077715933323,
      0.01135196816176176,
      0.007022171281278133,
      0.006323014385998249,
      0.006572606507688761,
      0.00754558527842164,
      0.005019479896873236,
      0.003902711672708392,
      0.009575899690389633,
      0.010750622488558292,
      0.014357480220496655,
      0.0020997771061956882,
      0.0039028043393045664,
      0.009899209253489971,
      0.004891769494861364,
      0.006007811985909939,
      0.002099796663969755,
      0.006323047447949648,
      0.0013170504244044423,
      0.005137196741998196,
      0.007022195495665073,
      0.0036610702518373728,
      0.008688881993293762,
      0.007095851935446262,
      0.007023318205028772,
      0.011379197239875793
    ],
    "words_count": 35,
    "masks_sampled": 300,
    "masks_unique": 300,
    "base_sim": 0.2308342456817627,
    "token_max": 0.9999992251396179,
    "token_cov@tau": 0.2,
    "reg_used": 0.01,
    "weight_range": [
      3.6712042172579125e-12,
      149.9250374349577
    ]
  },
  "outputs": {
    "png": "/root/clip_xai/final/xai_results_final/kernelshap/derma_ddi2_e2774950d907.png"
  }
}