{
  "image_path": "/root/clip_xai/dermaCAP/dermaCAP_img/derma_ddi2_05d94207b9c6.png",
  "method": "kernelshap_wordlevel",
  "config": {
    "canvas_width_px": 720,
    "canvas_height_px": 1400,
    "margins_px": 16,
    "block_gap_px": 10,
    "image_block_height_px": 360,
    "max_tokens": 40,
    "num_samples": 300,
    "ridge_lambda": 0.01,
    "batch_text": 32,
    "tau": 0.6,
    "fs_header": 22,
    "fs_text": 20,
    "fs_small": 16,
    "fs_text_min": 14,
    "line_pad_px": 6,
    "font_path_regular": "/usr/share/fonts/truetype/dejavu/DejaVuSans.ttf",
    "auto_shrink_text": true,
    "auto_expand_canvas": true,
    "canvas_height_max_px": 4000,
    "show_reference": true
  },
  "caption_generated": "The patient presents with red papules on the surface of the skin with a central ulceration. This is a common skin condition, usually caused by over-exposure to ultraviolet light. It is recommended to...",
  "caption_reference": "More than 1 photo for this patient: No, Fitzpatrick skin type: IV, Anatomical site (detailed): Right lateral lower leg, Anatomical site (general): Lower Limb, Diagnosis (detailed): Diffuse large b-cell lymphoma, Diagnosis (general): Diffuse large B-cell lymphoma, Dermatological presentation: rash, Benign/Malignant: benign, Common/Uncommon: uncommon, Cropped: No, Extra markings: ruler, Sex: Female, Race: Asian, Ethnicity: Non-Hispanic, Self-described ethnic background: Unknown, Language: English, Interpreter needed: No",
  "meta": {
    "phi_raw": [
      0.006306988652795553,
      -0.0004662700230255723,
      0.003837012220174074,
      0.0035962506663054228,
      0.01140692736953497,
      0.0008198401192203164,
      0.010922198183834553,
      0.006306960713118315,
      0.0073961359448730946,
      0.009237868711352348,
      0.006307090632617474,
      0.009342433884739876,
      0.003596122842282057,
      0.004647341091185808,
      0.00824374333024025,
      0.015651512891054153,
      0.009133976884186268,
      0.0047211721539497375,
      0.004647385329008102,
      0.010800935328006744,
      0.009342472068965435,
      -0.0006065685302019119,
      0.002802741713821888,
      0.00794052891433239,
      0.012056234292685986,
      0.005602123681455851,
      0.00891837663948536,
      0.0044456664472818375,
      0.013534093275666237,
      0.008244705386459827,
      0.004721114411950111,
      0.006955455057322979,
      0.012870551086962223
    ],
    "words_count": 33,
    "masks_sampled": 300,
    "masks_unique": 300,
    "base_sim": 0.2332775890827179,
    "token_max": 0.9999994039535522,
    "token_cov@tau": 0.21212121212121213,
    "reg_used": 0.01,
    "weight_range": [
      1.5116723244643655e-11,
      149.92503740630582
    ]
  },
  "outputs": {
    "png": "/root/clip_xai/final/xai_results_final/kernelshap/derma_ddi2_05d94207b9c6.png"
  }
}