{
  "image_path": "/root/clip_xai/dermaCAP/dermaCAP_img/derma_ddi2_ab755c5984e1.png",
  "method": "kernelshap_wordlevel",
  "config": {
    "canvas_width_px": 720,
    "canvas_height_px": 1400,
    "margins_px": 16,
    "block_gap_px": 10,
    "image_block_height_px": 360,
    "max_tokens": 40,
    "num_samples": 300,
    "ridge_lambda": 0.01,
    "batch_text": 32,
    "tau": 0.6,
    "fs_header": 22,
    "fs_text": 20,
    "fs_small": 16,
    "fs_text_min": 14,
    "line_pad_px": 6,
    "font_path_regular": "/usr/share/fonts/truetype/dejavu/DejaVuSans.ttf",
    "auto_shrink_text": true,
    "auto_expand_canvas": true,
    "canvas_height_max_px": 4000,
    "show_reference": true
  },
  "caption_generated": "This is a photo of the patient's face, showing a single round papule on the nasal sebaceous gland. It is a common skin lesion, usually caused by blockage of hair follicles, and it is recommended to...",
  "caption_reference": "More than 1 photo for this patient: No, Fitzpatrick skin type: III, Anatomical site (detailed): Left lower eyelid, Anatomical site (general): Head and Neck, Diagnosis (detailed): IgG4-related disease, Diagnosis (general): IgG4-related disease, Dermatological presentation: rash, Benign/Malignant: benign, Common/Uncommon: uncommon, Cropped: Yes, Extra markings: marker, ruler, Sex: Male, Race: Asian, Ethnicity: Non-Hispanic, Self-described ethnic background: Unknown, Language: English, Interpreter needed: No",
  "meta": {
    "phi_raw": [
      0.007081018760800362,
      0.0035522093530744314,
      0.008077333681285381,
      0.005066140554845333,
      0.009506432339549065,
      0.009243729524314404,
      0.007495617028325796,
      0.010182121768593788,
      0.007003483362495899,
      0.008077331818640232,
      0.007693140301853418,
      0.00934694241732359,
      0.00481890793889761,
      0.00901759136468172,
      0.009243748150765896,
      0.015662219375371933,
      0.012884275056421757,
      0.014188631437718868,
      0.006928310729563236,
      0.0035522067919373512,
      0.008077333681285381,
      0.0038859008345752954,
      0.004097684286534786,
      0.010677716694772243,
      0.004716097377240658,
      0.010680257342755795,
      0.01034558191895485,
      0.000746528385207057,
      0.009506435133516788,
      -0.008897293359041214,
      0.0047440305352211,
      0.007712484337389469,
      0.006928322836756706,
      0.003552211681380868,
      0.010006249882280827,
      0.01270061731338501
    ],
    "words_count": 36,
    "masks_sampled": 300,
    "masks_unique": 300,
    "base_sim": 0.26809579133987427,
    "token_max": 0.9999994039535522,
    "token_cov@tau": 0.3055555555555556,
    "reg_used": 0.01,
    "weight_range": [
      1.7846131615533724e-12,
      149.92503746741332
    ]
  },
  "outputs": {
    "png": "/root/clip_xai/final/xai_results_final/kernelshap/derma_ddi2_ab755c5984e1.png"
  }
}