{
  "image_path": "/root/clip_xai/dermaCAP/dermaCAP_img/derma_ddi2_d3f1502edb03.png",
  "method": "kernelshap_wordlevel",
  "config": {
    "canvas_width_px": 720,
    "canvas_height_px": 1400,
    "margins_px": 16,
    "block_gap_px": 10,
    "image_block_height_px": 360,
    "max_tokens": 40,
    "num_samples": 300,
    "ridge_lambda": 0.01,
    "batch_text": 32,
    "tau": 0.6,
    "fs_header": 22,
    "fs_text": 20,
    "fs_small": 16,
    "fs_text_min": 14,
    "line_pad_px": 6,
    "font_path_regular": "/usr/share/fonts/truetype/dejavu/DejaVuSans.ttf",
    "auto_shrink_text": true,
    "auto_expand_canvas": true,
    "canvas_height_max_px": 4000,
    "show_reference": true
  },
  "caption_generated": "More than 1 photo for this patient: No, Fitzpatrick skin type: 3, 4, 5, 6, 7, 8, 9, 10, 11, 12, 13, 14, 15, 16, 17, 18, 19, 20,",
  "caption_reference": "More than 1 photo for this patient: No, Fitzpatrick skin type: 3, 4, Anatomical site (detailed): Left third toe, Anatomical site (general): Lower Limb, Diagnosis (detailed): Digital fibromyxoma, Diagnosis (general): Digital fibromyxoma, Dermatological presentation: growth, Benign/Malignant: benign, Common/Uncommon: uncommon, Cropped: No, Extra markings: none, Sex: Male, Race: Asian, Ethnicity: Non-Hispanic, Self-described ethnic background: Unknown, Language: Mandarin, Interpreter needed: Yes",
  "meta": {
    "phi_raw": [
      0.010410900227725506,
      0.00404913816601038,
      0.009312955662608147,
      0.007561943959444761,
      0.013856829144060612,
      0.01225230935961008,
      0.007308932486921549,
      0.01265687681734562,
      0.0010006221709772944,
      0.004272542893886566,
      0.005378824193030596,
      0.009870168752968311,
      0.00862965453416109,
      0.011025922372937202,
      0.01011184323579073,
      0.006424655206501484,
      0.007989560253918171,
      0.0052556125447154045,
      0.006493611726909876,
      0.005870075896382332,
      0.008310092613101006,
      0.008510882034897804,
      0.0074896435253322124,
      0.006033618468791246,
      0.005965040996670723,
      0.0038698541466146708,
      0.0049496847204864025,
      0.0035884857643395662,
      0.006311909761279821
    ],
    "words_count": 29,
    "masks_sampled": 300,
    "masks_unique": 300,
    "base_sim": 0.21475562453269958,
    "token_max": 0.9999992251396179,
    "token_cov@tau": 0.27586206896551724,
    "reg_used": 0.01,
    "weight_range": [
      2.5774013010568126e-10,
      149.9250366992648
    ]
  },
  "outputs": {
    "png": "/root/clip_xai/final/xai_results_final/kernelshap/derma_ddi2_d3f1502edb03.png"
  }
}