{
  "image_path": "/root/clip_xai/dermaCAP/dermaCAP_img/derma_ddi2_8f5f3cbb3dcd.png",
  "method": "kernelshap_wordlevel",
  "config": {
    "canvas_width_px": 720,
    "canvas_height_px": 1400,
    "margins_px": 16,
    "block_gap_px": 10,
    "image_block_height_px": 360,
    "max_tokens": 40,
    "num_samples": 300,
    "ridge_lambda": 0.01,
    "batch_text": 32,
    "tau": 0.6,
    "fs_header": 22,
    "fs_text": 20,
    "fs_small": 16,
    "fs_text_min": 14,
    "line_pad_px": 6,
    "font_path_regular": "/usr/share/fonts/truetype/dejavu/DejaVuSans.ttf",
    "auto_shrink_text": true,
    "auto_expand_canvas": true,
    "canvas_height_max_px": 4000,
    "show_reference": true
  },
  "caption_generated": "This is a photo of the skin lesion on the finger, showing a red nodule with a small amount of blood in it. Based on the characteristics of the lesion and the patient's medical history, it is...",
  "caption_reference": "More than 1 photo for this patient: No, Fitzpatrick skin type: 3, 4, Anatomical site (detailed): Right thumb, Anatomical site (general): Upper Limb, Diagnosis (detailed): Full-thickness epidermal necrosis with mixed inflammatory infiltrate and puncture wound, Diagnosis (general): Epidermal necrosis, puncture wound, Dermatological presentation: rash, Benign/Malignant: benign, Common/Uncommon: common, Cropped: No, Extra markings: ruler, Sex: Female, Race: Asian, Ethnicity: Non-Hispanic, Self-described ethnic background: Vietnamese, Language: English, Interpreter needed: No",
  "meta": {
    "phi_raw": [
      0.008325097151100636,
      0.005888435989618301,
      0.006957222707569599,
      0.0063517531380057335,
      0.010552347637712955,
      0.008675331249833107,
      0.003372731152921915,
      0.009969689883291721,
      0.009561007842421532,
      0.00867533590644598,
      0.018113847821950912,
      -0.004542245529592037,
      0.006957210600376129,
      0.007653970271348953,
      0.02170993760228157,
      0.005460695363581181,
      0.006957219447940588,
      0.015290037728846073,
      0.008075229823589325,
      0.010552337393164635,
      0.0052091036923229694,
      0.008466645143926144,
      0.003737571183592081,
      0.013279112987220287,
      0.009560996666550636,
      0.008675341494381428,
      -0.002318831393495202,
      0.010552325285971165,
      0.008675330318510532,
      0.009969682432711124,
      0.007161284796893597,
      0.008675330318510532,
      -0.0019836588762700558,
      0.011865859851241112,
      0.009528299793601036,
      0.007729010656476021,
      0.008602512069046497
    ],
    "words_count": 37,
    "masks_sampled": 300,
    "masks_unique": 300,
    "base_sim": 0.30193793773651123,
    "token_max": 0.9999995827674866,
    "token_cov@tau": 0.10810810810810811,
    "reg_used": 0.01,
    "weight_range": [
      8.929956206459697e-13,
      149.9250374738885
    ]
  },
  "outputs": {
    "png": "/root/clip_xai/final/xai_results_final/kernelshap/derma_ddi2_8f5f3cbb3dcd.png"
  }
}