{
  "image_path": "/root/clip_xai/dermaCAP/dermaCAP_img/derma_ddi2_9aaabcc189d0.png",
  "method": "kernelshap_wordlevel",
  "config": {
    "canvas_width_px": 720,
    "canvas_height_px": 1400,
    "margins_px": 16,
    "block_gap_px": 10,
    "image_block_height_px": 360,
    "max_tokens": 40,
    "num_samples": 300,
    "ridge_lambda": 0.01,
    "batch_text": 32,
    "tau": 0.6,
    "fs_header": 22,
    "fs_text": 20,
    "fs_small": 16,
    "fs_text_min": 14,
    "line_pad_px": 6,
    "font_path_regular": "/usr/share/fonts/truetype/dejavu/DejaVuSans.ttf",
    "auto_shrink_text": true,
    "auto_expand_canvas": true,
    "canvas_height_max_px": 4000,
    "show_reference": true
  },
  "caption_generated": "This is a photo of the patient's hand, showing multiple small papules on the surface of the skin, consistent with the clinical presentation of a skin-colored skin tag. Skin tags are common skin...",
  "caption_reference": "More than 1 photo for this patient: No, Fitzpatrick skin type: III, Anatomical site (detailed): Right wrist, Anatomical site (general): Upper Limb, Diagnosis (detailed): Verruca plana, Diagnosis (general): Verruca, Dermatological presentation: rash, Benign/Malignant: benign, Common/Uncommon: common, Cropped: No, Extra markings: marker, ruler, Sex: Female, Race: Asian, Ethnicity: Non-Hispanic, Self-described ethnic background: Unknown, Language: English, Interpreter needed: No",
  "meta": {
    "phi_raw": [
      0.006829895079135895,
      0.003872126806527376,
      0.004499589093029499,
      0.0017610540380701423,
      0.009178395383059978,
      0.0049766362644732,
      0.0015747422585263848,
      0.013222016394138336,
      0.0028982616495341063,
      0.0061286804266273975,
      0.014353874139487743,
      0.017919428646564484,
      0.0031563290394842625,
      0.004976480267941952,
      0.01367342658340931,
      0.00917853508144617,
      0.004976521711796522,
      0.001430170377716422,
      0.006656102370470762,
      0.0034299197141081095,
      0.0049765207804739475,
      0.007302691228687763,
      0.007617500610649586,
      0.009178564883768559,
      0.004499499686062336,
      0.003908366430550814,
      0.00527768163010478,
      0.011424336582422256,
      0.005277723539620638,
      0.020872382447123528,
      0.007661934942007065,
      0.005830481648445129,
      0.008238825015723705
    ],
    "words_count": 33,
    "masks_sampled": 300,
    "masks_unique": 300,
    "base_sim": 0.23675298690795898,
    "token_max": 0.9999995231628418,
    "token_cov@tau": 0.15151515151515152,
    "reg_used": 0.01,
    "weight_range": [
      1.5116723244643655e-11,
      149.92503740630582
    ]
  },
  "outputs": {
    "png": "/root/clip_xai/final/xai_results_final/kernelshap/derma_ddi2_9aaabcc189d0.png"
  }
}