{
  "image_path": "/root/clip_xai/dermaCAP/dermaCAP_img/derma_ddi2_dc711ad699db.png",
  "method": "kernelshap_wordlevel",
  "config": {
    "canvas_width_px": 720,
    "canvas_height_px": 1400,
    "margins_px": 16,
    "block_gap_px": 10,
    "image_block_height_px": 360,
    "max_tokens": 40,
    "num_samples": 300,
    "ridge_lambda": 0.01,
    "batch_text": 32,
    "tau": 0.6,
    "fs_header": 22,
    "fs_text": 20,
    "fs_small": 16,
    "fs_text_min": 14,
    "line_pad_px": 6,
    "font_path_regular": "/usr/share/fonts/truetype/dejavu/DejaVuSans.ttf",
    "auto_shrink_text": true,
    "auto_expand_canvas": true,
    "canvas_height_max_px": 4000,
    "show_reference": true
  },
  "caption_generated": "This is a photo of the patient's face, showing a red papule with a rough surface, suggestive of a basal cell carcinoma. It is recommended to undergo a skin biopsy for a definitive diagnosis.",
  "caption_reference": "More than 1 photo for this patient: No, Fitzpatrick skin type: III, Anatomical site (detailed): Right lower cheek, Anatomical site (general): Head and Neck, Diagnosis (detailed): Folliculitis, Diagnosis (general): Folliculitis, Dermatological presentation: rash, Benign/Malignant: benign, Common/Uncommon: common, Cropped: Yes, Extra markings: marker, ruler, Sex: Male, Race: Asian, Ethnicity: Non-Hispanic, Self-described ethnic background: Unknown, Language: Mandarin, Interpreter needed: Yes",
  "meta": {
    "phi_raw": [
      0.0080805579200387,
      0.0042664725333452225,
      0.00894494354724884,
      0.004799916408956051,
      0.01020354125648737,
      0.007933494634926319,
      0.002356242621317506,
      0.007289709988981485,
      -0.0018530883826315403,
      0.008944958448410034,
      0.005367340985685587,
      0.005216565448790789,
      0.006654845084995031,
      0.008944881148636341,
      0.012880181893706322,
      0.009794093668460846,
      0.005173332989215851,
      0.010203471407294273,
      0.00894493144005537,
      0.012048344127833843,
      0.008096901699900627,
      0.012539301998913288,
      0.006813102401793003,
      0.004266500473022461,
      0.0109282610937953,
      0.01008215919137001,
      0.0022123500239104033,
      0.008944940753281116,
      0.004856994841247797,
      0.012266403064131737,
      0.011969118379056454,
      0.008944852277636528,
      0.007964407093822956,
      0.015248716808855534
    ],
    "words_count": 34,
    "masks_sampled": 300,
    "masks_unique": 300,
    "base_sim": 0.2713230550289154,
    "token_max": 0.9999993443489075,
    "token_cov@tau": 0.3235294117647059,
    "reg_used": 0.01,
    "weight_range": [
      7.336056869317532e-12,
      149.9250374184331
    ]
  },
  "outputs": {
    "png": "/root/clip_xai/final/xai_results_final/kernelshap/derma_ddi2_dc711ad699db.png"
  }
}