{
  "image_path": "/root/clip_xai/dermaCAP/dermaCAP_img/derma_ddi2_e35cb8ddaab0.png",
  "method": "kernelshap_wordlevel",
  "config": {
    "canvas_width_px": 720,
    "canvas_height_px": 1400,
    "margins_px": 16,
    "block_gap_px": 10,
    "image_block_height_px": 360,
    "max_tokens": 40,
    "num_samples": 300,
    "ridge_lambda": 0.01,
    "batch_text": 32,
    "tau": 0.6,
    "fs_header": 22,
    "fs_text": 20,
    "fs_small": 16,
    "fs_text_min": 14,
    "line_pad_px": 6,
    "font_path_regular": "/usr/share/fonts/truetype/dejavu/DejaVuSans.ttf",
    "auto_shrink_text": true,
    "auto_expand_canvas": true,
    "canvas_height_max_px": 4000,
    "show_reference": true
  },
  "caption_generated": "This is a photo of a skin lesion on the back of the patient's lower back. It is consistent with the clinical presentation of a melanocytic nevus. Melanoma is a common skin tumor that typically...",
  "caption_reference": "More than 1 photo for this patient: Yes, Fitzpatrick skin type: IV, Anatomical site (detailed): Right buttock, Anatomical site (general): Buttock, Diagnosis (detailed): Nevus lipomatosus, Diagnosis (general): Nevus lipomatosus, Dermatological presentation: growth, Benign/Malignant: benign, Common/Uncommon: uncommon, Cropped: No, Extra markings: marker, Sex: Female, Race: Asian, Ethnicity: Non-Hispanic, Self-described ethnic background: Unknown, Language: English, Interpreter needed: No",
  "meta": {
    "phi_raw": [
      0.006610623095184565,
      0.0072631253860890865,
      0.00746581656858325,
      0.0004539215296972543,
      0.0077645969577133656,
      0.007465762551873922,
      0.009980211965739727,
      0.006805318407714367,
      0.0034636403433978558,
      0.005885074380785227,
      0.00017241679597645998,
      0.007764515001326799,
      0.005885022692382336,
      -0.0007843770436011255,
      0.012240801937878132,
      0.003018383402377367,
      0.011275682598352432,
      0.007263100240379572,
      0.006735965143889189,
      0.0034900547470897436,
      0.005884998477995396,
      0.0008320081396959722,
      0.0008520510164089501,
      0.0077645485289394855,
      0.007465694099664688,
      0.0047860899940133095,
      0.005182658787816763,
      -1.3904578736401163e-05,
      0.007263012696057558,
      0.007465710863471031,
      0.003959052264690399,
      0.00998027715831995,
      0.008163402788341045,
      0.008591791614890099,
      0.006010969169437885
    ],
    "words_count": 35,
    "masks_sampled": 300,
    "masks_unique": 300,
    "base_sim": 0.20440256595611572,
    "token_max": 0.9999991655349731,
    "token_cov@tau": 0.37142857142857144,
    "reg_used": 0.01,
    "weight_range": [
      3.6712042172579125e-12,
      149.9250374349577
    ]
  },
  "outputs": {
    "png": "/root/clip_xai/final/xai_results_final/kernelshap/derma_ddi2_e35cb8ddaab0.png"
  }
}