{
  "image_path": "/root/clip_xai/dermaCAP/dermaCAP_img/derma_ddi2_84acfd1f9e7e.png",
  "method": "kernelshap_wordlevel",
  "config": {
    "canvas_width_px": 720,
    "canvas_height_px": 1400,
    "margins_px": 16,
    "block_gap_px": 10,
    "image_block_height_px": 360,
    "max_tokens": 40,
    "num_samples": 300,
    "ridge_lambda": 0.01,
    "batch_text": 32,
    "tau": 0.6,
    "fs_header": 22,
    "fs_text": 20,
    "fs_small": 16,
    "fs_text_min": 14,
    "line_pad_px": 6,
    "font_path_regular": "/usr/share/fonts/truetype/dejavu/DejaVuSans.ttf",
    "auto_shrink_text": true,
    "auto_expand_canvas": true,
    "canvas_height_max_px": 4000,
    "show_reference": true
  },
  "caption_generated": "More than 1 photo for this patient: No, Fitzpatrick skin type: 3, 4, Anatomical site (detailed): Right lower back, Path (coarse): Basal cell carcinoma, Pathology report: Follicular cyst,",
  "caption_reference": "More than 1 photo for this patient: No, Fitzpatrick skin type: IV, Anatomical site (detailed): Left inner thigh, Anatomical site (general): Lower Limb, Diagnosis (detailed): Acrochordon, Diagnosis (general): Acrochordon, Dermatological presentation: growth, Benign/Malignant: benign, Common/Uncommon: common, Cropped: No, Extra markings: ruler, Sex: Male, Race: Asian, Ethnicity: Non-Hispanic, Self-described ethnic background: Asian Indian, Language: English, Interpreter needed: No",
  "meta": {
    "phi_raw": [
      0.009291783906519413,
      0.00625769654288888,
      0.01062830351293087,
      0.002572792349383235,
      0.01409921981394291,
      0.010404168628156185,
      0.004886162932962179,
      0.014664116315543652,
      0.007684456650167704,
      0.012981121428310871,
      -0.0014382260851562023,
      0.007063751574605703,
      0.006053243763744831,
      0.0025486922822892666,
      0.007912016473710537,
      0.011277361772954464,
      0.009934060275554657,
      0.01059387344866991,
      0.005836213938891888,
      0.005702328868210316,
      -0.013284564949572086,
      0.006229627411812544,
      0.01393681950867176,
      0.006270586047321558,
      0.007376548368483782,
      0.013797163031995296,
      0.005044775549322367,
      0.005923436488956213
    ],
    "words_count": 28,
    "masks_sampled": 300,
    "masks_unique": 300,
    "base_sim": 0.2042407989501953,
    "token_max": 0.9999992847442627,
    "token_cov@tau": 0.39285714285714285,
    "reg_used": 0.01,
    "weight_range": [
      5.148227576049935e-10,
      149.9250360369019
    ]
  },
  "outputs": {
    "png": "/root/clip_xai/final/xai_results_final/kernelshap/derma_ddi2_84acfd1f9e7e.png"
  }
}