{
  "image_path": "/root/clip_xai/dermaCAP/dermaCAP_img/derma_ddi2_43fe3eaf073c.png",
  "method": "kernelshap_wordlevel",
  "config": {
    "canvas_width_px": 720,
    "canvas_height_px": 1400,
    "margins_px": 16,
    "block_gap_px": 10,
    "image_block_height_px": 360,
    "max_tokens": 40,
    "num_samples": 300,
    "ridge_lambda": 0.01,
    "batch_text": 32,
    "tau": 0.6,
    "fs_header": 22,
    "fs_text": 20,
    "fs_small": 16,
    "fs_text_min": 14,
    "line_pad_px": 6,
    "font_path_regular": "/usr/share/fonts/truetype/dejavu/DejaVuSans.ttf",
    "auto_shrink_text": true,
    "auto_expand_canvas": true,
    "canvas_height_max_px": 4000,
    "show_reference": true
  },
  "caption_generated": "This is a photo of the patient's face, showing a single red-brown-black-red nodule on the surface of the skin. Based on the characteristics of the lesion, it is recommended to undergo a skin biopsy...",
  "caption_reference": "More than 1 photo for this patient: No, Fitzpatrick skin type: III, Anatomical site (detailed): Right forehead, Anatomical site (general): Head and Neck, Diagnosis (detailed): Squamous cell carcinoma, keratoacanthoma type, Diagnosis (general): Squamous cell carcinoma, Dermatological presentation: growth, Benign/Malignant: malignant, Common/Uncommon: common, Cropped: No, Extra markings: none, Sex: Male, Race: Asian, Ethnicity: Non-Hispanic, Self-described ethnic background: Unknown, Language: English, Interpreter needed: No",
  "meta": {
    "phi_raw": [
      0.008102993480861187,
      0.006101633422076702,
      0.006786053534597158,
      0.0063038719817996025,
      0.008796765469014645,
      0.005937873851507902,
      -0.0008812006562948227,
      0.009933432564139366,
      -0.005132754798978567,
      0.006786073558032513,
      0.007976354099810123,
      0.013241840526461601,
      0.013689733110368252,
      0.010427038185298443,
      0.005937817972153425,
      0.01570400968194008,
      0.008796731941401958,
      0.005937771871685982,
      0.011144676245748997,
      0.010426824912428856,
      0.010427145287394524,
      0.005937791429460049,
      -0.00464245118200779,
      0.008796828798949718,
      0.005937883630394936,
      0.013815019279718399,
      0.008726605214178562,
      0.006101552862673998,
      0.008870773017406464,
      0.0075105950236320496,
      0.00997762568295002,
      0.0067859794944524765,
      0.00797464232891798,
      0.010928631760179996
    ],
    "words_count": 34,
    "masks_sampled": 300,
    "masks_unique": 300,
    "base_sim": 0.26316046714782715,
    "token_max": 0.9999994039535522,
    "token_cov@tau": 0.3235294117647059,
    "reg_used": 0.01,
    "weight_range": [
      7.336056869317532e-12,
      149.9250374184331
    ]
  },
  "outputs": {
    "png": "/root/clip_xai/final/xai_results_final/kernelshap/derma_ddi2_43fe3eaf073c.png"
  }
}