{
  "image_path": "/root/clip_xai/dermaCAP/dermaCAP_img/derma_ddi2_a9cb644f60f6.png",
  "method": "kernelshap_wordlevel",
  "config": {
    "canvas_width_px": 720,
    "canvas_height_px": 1400,
    "margins_px": 16,
    "block_gap_px": 10,
    "image_block_height_px": 360,
    "max_tokens": 40,
    "num_samples": 300,
    "ridge_lambda": 0.01,
    "batch_text": 32,
    "tau": 0.6,
    "fs_header": 22,
    "fs_text": 20,
    "fs_small": 16,
    "fs_text_min": 14,
    "line_pad_px": 6,
    "font_path_regular": "/usr/share/fonts/truetype/dejavu/DejaVuSans.ttf",
    "auto_shrink_text": true,
    "auto_expand_canvas": true,
    "canvas_height_max_px": 4000,
    "show_reference": true
  },
  "caption_generated": "This is a photo of the patient's face, showing a single black-brown papule on the skin surface, with clear borders and a rough surface, consistent with a melanocytic nevus. Melanoma is a common skin...",
  "caption_reference": "More than 1 photo for this patient: No, Fitzpatrick skin type: III, Anatomical site (detailed): Right cheek, Anatomical site (general): Head and Neck, Diagnosis (detailed): Intradermal melanocytic nevus, Diagnosis (general): Benign nevus, Dermatological presentation: growth, Benign/Malignant: benign, Common/Uncommon: common, Cropped: Yes, Extra markings: marker, ruler, Sex: Male, Race: Asian, Ethnicity: Non-Hispanic, Self-described ethnic background: Unknown, Language: English, Interpreter needed: No",
  "meta": {
    "phi_raw": [
      0.009637489914894104,
      0.010126962326467037,
      0.011629482731223106,
      0.0013050177367404103,
      0.01128818653523922,
      0.011042402125895023,
      -0.0010144405532628298,
      0.008657820522785187,
      -0.0007014082511886954,
      0.01162952370941639,
      0.009779621846973896,
      0.009799684397876263,
      0.005872275214642286,
      0.009344023652374744,
      0.011042340658605099,
      0.003984639886766672,
      0.012570034712553024,
      0.007196999154984951,
      0.008238427340984344,
      0.003432371187955141,
      0.008405240252614021,
      0.011629492975771427,
      0.0054924688301980495,
      0.012570123188197613,
      0.010056530125439167,
      0.007196961902081966,
      0.01162958424538374,
      0.011870885267853737,
      0.01700843870639801,
      0.009706697426736355,
      0.010126907378435135,
      0.011629406362771988,
      0.003177435602992773,
      0.0071688261814415455
    ],
    "words_count": 34,
    "masks_sampled": 300,
    "masks_unique": 300,
    "base_sim": 0.2925248146057129,
    "token_max": 0.999999463558197,
    "token_cov@tau": 0.35294117647058826,
    "reg_used": 0.01,
    "weight_range": [
      7.336056869317532e-12,
      149.9250374184331
    ]
  },
  "outputs": {
    "png": "/root/clip_xai/final/xai_results_final/kernelshap/derma_ddi2_a9cb644f60f6.png"
  }
}