{
  "image_path": "/root/clip_xai/dermaCAP/dermaCAP_img/derma_ddi2_9910077b4775.png",
  "method": "kernelshap_wordlevel",
  "config": {
    "canvas_width_px": 720,
    "canvas_height_px": 1400,
    "margins_px": 16,
    "block_gap_px": 10,
    "image_block_height_px": 360,
    "max_tokens": 40,
    "num_samples": 300,
    "ridge_lambda": 0.01,
    "batch_text": 32,
    "tau": 0.6,
    "fs_header": 22,
    "fs_text": 20,
    "fs_small": 16,
    "fs_text_min": 14,
    "line_pad_px": 6,
    "font_path_regular": "/usr/share/fonts/truetype/dejavu/DejaVuSans.ttf",
    "auto_shrink_text": true,
    "auto_expand_canvas": true,
    "canvas_height_max_px": 4000,
    "show_reference": true
  },
  "caption_generated": "This is a photo of the patient's abdomen, showing a small black-brown patch on the skin surface, with a central black spot. It is consistent with the clinical presentation of seborrheic keratosis....",
  "caption_reference": "More than 1 photo for this patient: No, Fitzpatrick skin type: III, Anatomical site (detailed): Mid abdomen, Anatomical site (general): Abdomen, Diagnosis (detailed): B cell-rich cutaneous lymphoid hyperplasia, Diagnosis (general): Cutaneous lymphoid hyperplasia, Dermatological presentation: rash, Benign/Malignant: benign, Common/Uncommon: uncommon, Cropped: Yes, Extra markings: marker, ruler, Sex: Female, Race: Asian, Ethnicity: Non-Hispanic, Self-described ethnic background: Unknown, Language: English, Interpreter needed: No",
  "meta": {
    "phi_raw": [
      0.00912406388670206,
      0.004357092548161745,
      0.0058464608155190945,
      0.008637324906885624,
      0.007598694879561663,
      0.004895486403256655,
      0.011528775095939636,
      0.023501412943005562,
      0.015144117176532745,
      0.005846250336617231,
      0.009778618812561035,
      0.0029610604979097843,
      0.018184758722782135,
      0.005179126746952534,
      0.004895477555692196,
      0.01307711936533451,
      0.009688416495919228,
      0.006782351061701775,
      0.0058462838642299175,
      0.009234209544956684,
      0.008754792623221874,
      0.013704265467822552,
      0.008166895247995853,
      0.0043570189736783504,
      0.011125023476779461,
      0.0067822313867509365,
      0.004895324353128672,
      0.0072337184101343155,
      0.016188042238354683,
      0.007598637603223324,
      0.0020996227394789457,
      0.005776920355856419
    ],
    "words_count": 32,
    "masks_sampled": 300,
    "masks_unique": 300,
    "base_sim": 0.2787832021713257,
    "token_max": 0.9999995827674866,
    "token_cov@tau": 0.125,
    "reg_used": 0.01,
    "weight_range": [
      3.020392162241124e-11,
      149.92503732296984
    ]
  },
  "outputs": {
    "png": "/root/clip_xai/final/xai_results_final/kernelshap/derma_ddi2_9910077b4775.png"
  }
}