{
  "image_path": "/root/clip_xai/dermaCAP/dermaCAP_img/derma_ddi2_1c764e978106.png",
  "method": "kernelshap_wordlevel",
  "config": {
    "canvas_width_px": 720,
    "canvas_height_px": 1400,
    "margins_px": 16,
    "block_gap_px": 10,
    "image_block_height_px": 360,
    "max_tokens": 40,
    "num_samples": 300,
    "ridge_lambda": 0.01,
    "batch_text": 32,
    "tau": 0.6,
    "fs_header": 22,
    "fs_text": 20,
    "fs_small": 16,
    "fs_text_min": 14,
    "line_pad_px": 6,
    "font_path_regular": "/usr/share/fonts/truetype/dejavu/DejaVuSans.ttf",
    "auto_shrink_text": true,
    "auto_expand_canvas": true,
    "canvas_height_max_px": 4000,
    "show_reference": true
  },
  "caption_generated": "The patient presents with 1-3 red papules on the trunk, some of which are oval-shaped and have a diameter of 0.1-0.2 cm. Based on the patient's medical history and clinical presentation, it is...",
  "caption_reference": "More than 1 photo for this patient: Yes, Fitzpatrick skin type: 3, 4, Anatomical site (detailed): Skin, suprapubic, Anatomical site (general): Anogenital, Diagnosis (detailed): Molluscum contagiosum, Diagnosis (general): Molluscum contagiosum, Dermatological presentation: growth, Benign/Malignant: benign, Common/Uncommon: common, Cropped: Yes, Extra markings: marker, ruler, Sex: Male, Race: Asian, Ethnicity: Non-Hispanic, Self-described ethnic background: Chinese, except Taiwanese, Language: English, Interpreter needed: No",
  "meta": {
    "phi_raw": [
      0.00707434443756938,
      0.004170357249677181,
      0.006019236985594034,
      0.008067324757575989,
      0.009703024290502071,
      0.01101937796920538,
      0.011677301488816738,
      0.007882364094257355,
      0.007074328139424324,
      0.012325352057814598,
      0.008467120118439198,
      0.008949195966124535,
      0.010636774823069572,
      0.009129880927503109,
      0.0060589369386434555,
      0.00823016744107008,
      0.008797876536846161,
      0.007301365025341511,
      0.013750837184488773,
      0.008949343115091324,
      0.010128072462975979,
      0.011928471736609936,
      0.0074756331741809845,
      0.007882509380578995,
      0.007074334193021059,
      0.0047548445872962475,
      0.010367297567427158,
      0.010130489245057106,
      0.008230065926909447,
      0.006018262356519699,
      0.009701896458864212,
      0.00872746855020523,
      0.011423449032008648
    ],
    "words_count": 33,
    "masks_sampled": 300,
    "masks_unique": 300,
    "base_sim": 0.2891208529472351,
    "token_max": 0.999998927116394,
    "token_cov@tau": 0.30303030303030304,
    "reg_used": 0.01,
    "weight_range": [
      1.5116723244643655e-11,
      149.92503740630582
    ]
  },
  "outputs": {
    "png": "/root/clip_xai/final/xai_results_final/kernelshap/derma_ddi2_1c764e978106.png"
  }
}