{
  "image_path": "/root/clip_xai/dermaCAP/dermaCAP_img/derma_ddi2_9650d638ca4f.png",
  "method": "kernelshap_wordlevel",
  "config": {
    "canvas_width_px": 720,
    "canvas_height_px": 1400,
    "margins_px": 16,
    "block_gap_px": 10,
    "image_block_height_px": 360,
    "max_tokens": 40,
    "num_samples": 300,
    "ridge_lambda": 0.01,
    "batch_text": 32,
    "tau": 0.6,
    "fs_header": 22,
    "fs_text": 20,
    "fs_small": 16,
    "fs_text_min": 14,
    "line_pad_px": 6,
    "font_path_regular": "/usr/share/fonts/truetype/dejavu/DejaVuSans.ttf",
    "auto_shrink_text": true,
    "auto_expand_canvas": true,
    "canvas_height_max_px": 4000,
    "show_reference": true
  },
  "caption_generated": "This is a photo of the patient's abdomen showing a large number of red papules and nodules, consistent with the clinical presentation of a skin tumor. Based on the characteristics of the lesion, the...",
  "caption_reference": "More than 1 photo for this patient: Yes, Fitzpatrick skin type: 3, 4, Anatomical site (detailed): Left breast, Anatomical site (general): Chest, Diagnosis (detailed): Hypertrophic scar, Diagnosis (general): Scar, Dermatological presentation: growth, Benign/Malignant: benign, Common/Uncommon: common, Cropped: No, Extra markings: marker, ruler, Sex: Female, Race: Asian, Ethnicity: Non-Hispanic, Self-described ethnic background: Filipino, Language: English, Interpreter needed: No",
  "meta": {
    "phi_raw": [
      0.008920316584408283,
      0.005061245057731867,
      0.004521878436207771,
      0.006094613578170538,
      0.007037907838821411,
      0.006283714901655912,
      0.004123116377741098,
      0.009612536057829857,
      0.0011642470490187407,
      0.004521885421127081,
      0.00774843106046319,
      0.007929236628115177,
      0.00703788734972477,
      0.005328462924808264,
      0.0020521236583590508,
      0.009459715336561203,
      0.011538233608007431,
      0.01166641153395176,
      0.00591334979981184,
      0.006283566355705261,
      0.00338736898265779,
      0.007161903195083141,
      0.007037924602627754,
      0.0045219650492072105,
      0.013378625735640526,
      0.016681455075740814,
      0.010810195468366146,
      0.010083010420203209,
      0.00628366693854332,
      -0.00250165699981153,
      0.0070378840900957584,
      0.006283576134592295,
      0.01071998942643404,
      0.01201800536364317
    ],
    "words_count": 34,
    "masks_sampled": 300,
    "masks_unique": 300,
    "base_sim": 0.24519750475883484,
    "token_max": 0.999999463558197,
    "token_cov@tau": 0.23529411764705882,
    "reg_used": 0.01,
    "weight_range": [
      7.336056869317532e-12,
      149.9250374184331
    ]
  },
  "outputs": {
    "png": "/root/clip_xai/final/xai_results_final/kernelshap/derma_ddi2_9650d638ca4f.png"
  }
}