{
  "image_path": "/root/clip_xai/dermaCAP/dermaCAP_img/derma_ddi2_9ed9c39f4deb.png",
  "method": "kernelshap_wordlevel",
  "config": {
    "canvas_width_px": 720,
    "canvas_height_px": 1400,
    "margins_px": 16,
    "block_gap_px": 10,
    "image_block_height_px": 360,
    "max_tokens": 40,
    "num_samples": 300,
    "ridge_lambda": 0.01,
    "batch_text": 32,
    "tau": 0.6,
    "fs_header": 22,
    "fs_text": 20,
    "fs_small": 16,
    "fs_text_min": 14,
    "line_pad_px": 6,
    "font_path_regular": "/usr/share/fonts/truetype/dejavu/DejaVuSans.ttf",
    "auto_shrink_text": true,
    "auto_expand_canvas": true,
    "canvas_height_max_px": 4000,
    "show_reference": true
  },
  "caption_generated": "This is a photo of the skin lesion on the right side of the head, showing a red-brown patch with a central ulceration. It is consistent with the clinical presentation of seborrheic keratosis. This is...",
  "caption_reference": "More than 1 photo for this patient: No, Fitzpatrick skin type: IV, Anatomical site (detailed): Left vertex scalp, Anatomical site (general): Head and Neck, Diagnosis (detailed): Basal cell carcinoma, Diagnosis (general): Basal cell carcinoma, Dermatological presentation: growth, Benign/Malignant: malignant, Common/Uncommon: common, Cropped: Yes, Extra markings: marker, Sex: Female, Race: Asian, Ethnicity: Non-Hispanic, Self-described ethnic background: Unknown, Language: Tagalog, Interpreter needed: Yes",
  "meta": {
    "phi_raw": [
      0.008488602004945278,
      0.005520761013031006,
      0.007658751681447029,
      0.005077446345239878,
      0.007330238353461027,
      0.005559722892940044,
      0.004442838951945305,
      0.016419971361756325,
      0.00888099055737257,
      0.005559724755585194,
      0.009361508302390575,
      0.0020167850889265537,
      0.0073301601223647594,
      0.005559720564633608,
      0.012116199359297752,
      -0.00218676938675344,
      0.0076585919596254826,
      0.009294859133660793,
      0.003857947653159499,
      0.005153024569153786,
      0.00765858544036746,
      0.01118469424545765,
      0.021021492779254913,
      0.00845036469399929,
      0.005520602688193321,
      0.00853663869202137,
      0.005152999889105558,
      0.005559650715440512,
      0.005657724104821682,
      0.008809900842607021,
      0.007330155465751886,
      0.009544899687170982,
      0.008512225933372974,
      0.008488558232784271,
      0.009240541607141495
    ],
    "words_count": 35,
    "masks_sampled": 300,
    "masks_unique": 300,
    "base_sim": 0.2657647728919983,
    "token_max": 0.9999995827674866,
    "token_cov@tau": 0.05714285714285714,
    "reg_used": 0.01,
    "weight_range": [
      3.6712042172579125e-12,
      149.9250374349577
    ]
  },
  "outputs": {
    "png": "/root/clip_xai/final/xai_results_final/kernelshap/derma_ddi2_9ed9c39f4deb.png"
  }
}