{
  "image_path": "/root/clip_xai/dermaCAP/dermaCAP_img/derma_ddi2_72f2c6e898e6.png",
  "method": "kernelshap_wordlevel",
  "config": {
    "canvas_width_px": 720,
    "canvas_height_px": 1400,
    "margins_px": 16,
    "block_gap_px": 10,
    "image_block_height_px": 360,
    "max_tokens": 40,
    "num_samples": 300,
    "ridge_lambda": 0.01,
    "batch_text": 32,
    "tau": 0.6,
    "fs_header": 22,
    "fs_text": 20,
    "fs_small": 16,
    "fs_text_min": 14,
    "line_pad_px": 6,
    "font_path_regular": "/usr/share/fonts/truetype/dejavu/DejaVuSans.ttf",
    "auto_shrink_text": true,
    "auto_expand_canvas": true,
    "canvas_height_max_px": 4000,
    "show_reference": true
  },
  "caption_generated": "More than 1 photo for this patient: No, Fitzpatrick skin type: 3, 4, Anatomical site (detailed): Right lower leg, Anatomic site (general): Follicular, Diagnosis (incl. 1-3 words):",
  "caption_reference": "More than 1 photo for this patient: Yes, Fitzpatrick skin type: 3, 4, Anatomical site (detailed): Right lower leg, Anatomical site (general): Lower Limb, Diagnosis (detailed): Folliculitis, Diagnosis (general): Folliculitis, Dermatological presentation: rash, Benign/Malignant: benign, Common/Uncommon: common, Cropped: No, Extra markings: marker, ruler, Sex: Male, Race: Asian, Ethnicity: Non-Hispanic, Self-described ethnic background: Chinese, except Taiwanese, Language: English, Interpreter needed: No",
  "meta": {
    "phi_raw": [
      0.009570196270942688,
      0.007277634460479021,
      0.004998397547751665,
      0.0007081463700160384,
      0.012027411721646786,
      0.00839706975966692,
      0.001651277649216354,
      0.011247257702052593,
      -0.005749872885644436,
      0.008366275578737259,
      -0.012494854629039764,
      0.005345614161342382,
      0.007797178812325001,
      -0.0036730074789375067,
      0.00606908043846488,
      0.01295036356896162,
      0.0049310047179460526,
      0.010585647076368332,
      0.017467325553297997,
      0.0025012101978063583,
      0.0060735903680324554,
      0.004885454196482897,
      0.006158930715173483,
      0.0008978006662800908,
      0.013940048404037952,
      0.0069449469447135925,
      0.012838766910135746
    ],
    "words_count": 27,
    "masks_sampled": 300,
    "masks_unique": 300,
    "base_sim": 0.16170649230480194,
    "token_max": 0.999999463558197,
    "token_cov@tau": 0.25925925925925924,
    "reg_used": 0.01,
    "weight_range": [
      1.0677805096186515e-09,
      149.9250325725866
    ]
  },
  "outputs": {
    "png": "/root/clip_xai/final/xai_results_final/kernelshap/derma_ddi2_72f2c6e898e6.png"
  }
}