{
  "image_path": "/root/clip_xai/dermaCAP/dermaCAP_img/derma_ddi2_b4f92818fbaa.png",
  "method": "kernelshap_wordlevel",
  "config": {
    "canvas_width_px": 720,
    "canvas_height_px": 1400,
    "margins_px": 16,
    "block_gap_px": 10,
    "image_block_height_px": 360,
    "max_tokens": 40,
    "num_samples": 300,
    "ridge_lambda": 0.01,
    "batch_text": 32,
    "tau": 0.6,
    "fs_header": 22,
    "fs_text": 20,
    "fs_small": 16,
    "fs_text_min": 14,
    "line_pad_px": 6,
    "font_path_regular": "/usr/share/fonts/truetype/dejavu/DejaVuSans.ttf",
    "auto_shrink_text": true,
    "auto_expand_canvas": true,
    "canvas_height_max_px": 4000,
    "show_reference": true
  },
  "caption_generated": "This is a photo of a skin lesion on the left side of the earlobe. It is a common skin tumor that is usually benign and does not require treatment, but it is recommended to seek medical attention for...",
  "caption_reference": "More than 1 photo for this patient: No, Fitzpatrick skin type: V, Anatomical site (detailed): Right neck, Anatomical site (general): Head and Neck, Diagnosis (detailed): Verruca vulgaris arising in nevus sebaceous, Diagnosis (general): Verruca, Dermatological presentation: growth, Benign/Malignant: benign, Common/Uncommon: common, Cropped: Yes, Extra markings: marker, Sex: Male, Race: Asian, Ethnicity: Non-Hispanic, Self-described ethnic background: Unknown, Language: English, Interpreter needed: No",
  "meta": {
    "phi_raw": [
      0.0065046437084674835,
      0.0042395624332129955,
      0.005040648393332958,
      0.004037756007164717,
      0.00668521411716938,
      0.00504064466804266,
      0.003222045721486211,
      0.012152893468737602,
      0.00775916175916791,
      0.004800701979547739,
      0.013027310371398926,
      0.004583721049129963,
      0.006685220170766115,
      0.004800707567483187,
      0.003152857068926096,
      0.007258969824761152,
      0.004239568952471018,
      0.005040635820478201,
      0.006085480563342571,
      0.003222039667889476,
      0.007547474931925535,
      0.0073537747375667095,
      0.004239564295858145,
      0.004407790023833513,
      0.0023574011866003275,
      0.006662811618298292,
      0.0044288295321166515,
      0.009021214209496975,
      0.0029447271954268217,
      0.0023592461366206408,
      0.004910635761916637,
      0.00725895632058382,
      0.00423957034945488,
      0.007526668719947338,
      0.008789862506091595,
      0.008555051870644093,
      0.01059067714959383,
      0.010551974177360535,
      0.010490145534276962
    ],
    "words_count": 39,
    "masks_sampled": 300,
    "masks_unique": 300,
    "base_sim": 0.24181106686592102,
    "token_max": 0.9999991059303284,
    "token_cov@tau": 0.1794871794871795,
    "reg_used": 0.01,
    "weight_range": [
      2.1752457426448228e-13,
      149.92503747703594
    ]
  },
  "outputs": {
    "png": "/root/clip_xai/final/xai_results_final/kernelshap/derma_ddi2_b4f92818fbaa.png"
  }
}