{
  "image_path": "/root/clip_xai/dermaCAP/dermaCAP_img/derma_ddi2_4106077b5ff9.png",
  "method": "kernelshap_wordlevel",
  "config": {
    "canvas_width_px": 720,
    "canvas_height_px": 1400,
    "margins_px": 16,
    "block_gap_px": 10,
    "image_block_height_px": 360,
    "max_tokens": 40,
    "num_samples": 300,
    "ridge_lambda": 0.01,
    "batch_text": 32,
    "tau": 0.6,
    "fs_header": 22,
    "fs_text": 20,
    "fs_small": 16,
    "fs_text_min": 14,
    "line_pad_px": 6,
    "font_path_regular": "/usr/share/fonts/truetype/dejavu/DejaVuSans.ttf",
    "auto_shrink_text": true,
    "auto_expand_canvas": true,
    "canvas_height_max_px": 4000,
    "show_reference": true
  },
  "caption_generated": "This is a photo of the skin lesion on the back of the hand, showing a light red patch with a rough surface, consistent with the clinical presentation of seborrheic keratosis. It is recommended to...",
  "caption_reference": "More than 1 photo for this patient: No, Fitzpatrick skin type: III, Anatomical site (detailed): Left dorsum foot, Anatomical site (general): Lower Limb, Diagnosis (detailed): Lichenoid keratosis, Diagnosis (general): Inflamed benign keratosis, Dermatological presentation: growth, Benign/Malignant: benign, Common/Uncommon: common, Cropped: No, Extra markings: marker, ruler, Sex: Female, Race: Asian, Ethnicity: Non-Hispanic, Self-described ethnic background: Japanese, Language: English, Interpreter needed: No",
  "meta": {
    "phi_raw": [
      0.005947345867753029,
      0.005210368428379297,
      0.008304683491587639,
      0.004904079716652632,
      0.008816909044981003,
      0.00686436053365469,
      0.008332226425409317,
      0.012297413311898708,
      0.008133669383823872,
      0.00686435354873538,
      0.0066024609841406345,
      0.00881683174520731,
      0.006864290684461594,
      0.0034965050872415304,
      -0.004308597184717655,
      0.00830470584332943,
      0.009413246065378189,
      0.005522509105503559,
      0.013596711680293083,
      0.006137808784842491,
      0.008304513990879059,
      0.012327569536864758,
      0.014169510453939438,
      0.0038504102267324924,
      0.0061377352103590965,
      0.006864278111606836,
      0.005303862038999796,
      0.0016583406832069159,
      0.008816858753561974,
      0.0017983269644901156,
      0.010110203176736832,
      0.006802607327699661,
      0.0052102492190897465,
      0.005240574479103088,
      0.010354328900575638
    ],
    "words_count": 35,
    "masks_sampled": 300,
    "masks_unique": 300,
    "base_sim": 0.24706551432609558,
    "token_max": 0.9999992847442627,
    "token_cov@tau": 0.2857142857142857,
    "reg_used": 0.01,
    "weight_range": [
      3.6712042172579125e-12,
      149.9250374349577
    ]
  },
  "outputs": {
    "png": "/root/clip_xai/final/xai_results_final/kernelshap/derma_ddi2_4106077b5ff9.png"
  }
}