{
  "image_path": "/root/clip_xai/dermaCAP/dermaCAP_img/derma_ddi2_50fad8381434.png",
  "method": "kernelshap_wordlevel",
  "config": {
    "canvas_width_px": 720,
    "canvas_height_px": 1400,
    "margins_px": 16,
    "block_gap_px": 10,
    "image_block_height_px": 360,
    "max_tokens": 40,
    "num_samples": 300,
    "ridge_lambda": 0.01,
    "batch_text": 32,
    "tau": 0.6,
    "fs_header": 22,
    "fs_text": 20,
    "fs_small": 16,
    "fs_text_min": 14,
    "line_pad_px": 6,
    "font_path_regular": "/usr/share/fonts/truetype/dejavu/DejaVuSans.ttf",
    "auto_shrink_text": true,
    "auto_expand_canvas": true,
    "canvas_height_max_px": 4000,
    "show_reference": true
  },
  "caption_generated": "This is a skin lesion on the back of the hand, with a smooth surface and a rough texture. This is a common skin condition, usually caused by overgrowth of sebaceous glands. It is recommended to seek...",
  "caption_reference": "More than 1 photo for this patient: No, Fitzpatrick skin type: III, Anatomical site (detailed): Central lower back, Anatomical site (general): Back, Diagnosis (detailed): Acrochordon, Diagnosis (general): Acrochordon, Dermatological presentation: growth, Benign/Malignant: benign, Common/Uncommon: common, Cropped: Yes, Extra markings: ruler, Sex: Female, Race: Asian, Ethnicity: Hispanic/Latino, Self-described ethnic background: Unknown, Language: English, Interpreter needed: No",
  "meta": {
    "phi_raw": [
      0.005946382414549589,
      0.00542993051931262,
      0.006300227716565132,
      0.010085518471896648,
      0.008521919138729572,
      0.00616904441267252,
      0.007859420031309128,
      0.0005123318405821919,
      0.010096092708408833,
      0.007859417237341404,
      0.007464918773621321,
      0.003922697622328997,
      0.006300213746726513,
      0.004896977450698614,
      0.009484498761594296,
      0.0073141055181622505,
      0.006300223059952259,
      0.005895846989005804,
      0.01587929204106331,
      0.005946378689259291,
      0.0054299356415867805,
      0.006300229579210281,
      0.007367261219769716,
      0.01008552499115467,
      -0.0015389667823910713,
      0.0017812401056289673,
      0.0036562811583280563,
      0.007790660485625267,
      0.005478000734001398,
      0.010096084326505661,
      0.011400789953768253,
      0.005987035576254129,
      0.008291380479931831,
      0.00542993750423193,
      0.005404411815106869,
      0.007238700520247221,
      0.005207804497331381
    ],
    "words_count": 37,
    "masks_sampled": 300,
    "masks_unique": 300,
    "base_sim": 0.2475866675376892,
    "token_max": 0.9999994039535522,
    "token_cov@tau": 0.16216216216216217,
    "reg_used": 0.01,
    "weight_range": [
      8.929956206459697e-13,
      149.9250374738885
    ]
  },
  "outputs": {
    "png": "/root/clip_xai/final/xai_results_final/kernelshap/derma_ddi2_50fad8381434.png"
  }
}