{
  "image_path": "/root/clip_xai/dermaCAP/dermaCAP_img/derma_ddi2_07420afb9085.png",
  "method": "kernelshap_wordlevel",
  "config": {
    "canvas_width_px": 720,
    "canvas_height_px": 1400,
    "margins_px": 16,
    "block_gap_px": 10,
    "image_block_height_px": 360,
    "max_tokens": 40,
    "num_samples": 300,
    "ridge_lambda": 0.01,
    "batch_text": 32,
    "tau": 0.6,
    "fs_header": 22,
    "fs_text": 20,
    "fs_small": 16,
    "fs_text_min": 14,
    "line_pad_px": 6,
    "font_path_regular": "/usr/share/fonts/truetype/dejavu/DejaVuSans.ttf",
    "auto_shrink_text": true,
    "auto_expand_canvas": true,
    "canvas_height_max_px": 4000,
    "show_reference": true
  },
  "caption_generated": "The patient presents with 1-3 red papules on the back of the neck, which are consistent with the clinical presentation of seborrheic keratosis. It is recommended to undergo a skin biopsy for a...",
  "caption_reference": "More than 1 photo for this patient: Yes, Fitzpatrick skin type: III, Anatomical site (detailed): Left chest, Anatomical site (general): Chest, Diagnosis (detailed): Comedone, Diagnosis (general): Comedone, Dermatological presentation: growth, Benign/Malignant: benign, Common/Uncommon: common, Cropped: Yes, Extra markings: marker, Sex: Female, Race: Asian, Ethnicity: Non-Hispanic, Self-described ethnic background: Unknown, Language: English, Interpreter needed: No",
  "meta": {
    "phi_raw": [
      0.0071731796488165855,
      0.003291368717327714,
      0.002353306859731674,
      0.005724424030631781,
      0.006937580183148384,
      0.007306117098778486,
      0.0173262357711792,
      0.005574773997068405,
      0.007173167075961828,
      0.009850983507931232,
      0.008941448293626308,
      0.007173141464591026,
      0.014424814842641354,
      0.006411144509911537,
      0.011333807371556759,
      0.005604959558695555,
      0.005724410060793161,
      0.007173226680606604,
      0.004213130567222834,
      0.003678725566715002,
      0.00894133374094963,
      0.002671032678335905,
      0.009438302367925644,
      0.01053347997367382,
      0.009369716979563236,
      0.009661896154284477,
      0.010746337473392487,
      -8.447752770734951e-05,
      0.006889787968248129,
      0.009050733409821987,
      0.01279557403177023,
      0.01240537129342556,
      0.013946923427283764
    ],
    "words_count": 33,
    "masks_sampled": 300,
    "masks_unique": 300,
    "base_sim": 0.26375043392181396,
    "token_max": 0.999999463558197,
    "token_cov@tau": 0.24242424242424243,
    "reg_used": 0.01,
    "weight_range": [
      1.5116723244643655e-11,
      149.92503740630582
    ]
  },
  "outputs": {
    "png": "/root/clip_xai/final/xai_results_final/kernelshap/derma_ddi2_07420afb9085.png"
  }
}