{
  "image_path": "/root/clip_xai/dermaCAP/dermaCAP_img/derma_ddi2_a171a6bffc11.png",
  "method": "kernelshap_wordlevel",
  "config": {
    "canvas_width_px": 720,
    "canvas_height_px": 1400,
    "margins_px": 16,
    "block_gap_px": 10,
    "image_block_height_px": 360,
    "max_tokens": 40,
    "num_samples": 300,
    "ridge_lambda": 0.01,
    "batch_text": 32,
    "tau": 0.6,
    "fs_header": 22,
    "fs_text": 20,
    "fs_small": 16,
    "fs_text_min": 14,
    "line_pad_px": 6,
    "font_path_regular": "/usr/share/fonts/truetype/dejavu/DejaVuSans.ttf",
    "auto_shrink_text": true,
    "auto_expand_canvas": true,
    "canvas_height_max_px": 4000,
    "show_reference": true
  },
  "caption_generated": "This is a photo showing multiple red papules on the back of the patient's chest, consistent with the clinical presentation of psoriasis. Psoriasis is a chronic inflammatory skin condition...",
  "caption_reference": "More than 1 photo for this patient: Yes, Fitzpatrick skin type: 3, 4, Anatomical site (detailed): Chest, Anatomical site (general): Chest, Diagnosis (detailed): Spongiotic dermatitis with eosinophils and underlying folliculitis, Diagnosis (general): Spongiotic dermatitis, folliculitis, Dermatological presentation: rash, Benign/Malignant: benign, Common/Uncommon: common, Cropped: No, Extra markings: none, Sex: Male, Race: Asian, Ethnicity: Non-Hispanic, Self-described ethnic background: Japanese, Language: English, Interpreter needed: No",
  "meta": {
    "phi_raw": [
      0.009184235706925392,
      0.0077139344066381454,
      0.006709456443786621,
      0.00851774588227272,
      -0.0018562054028734565,
      0.00912855938076973,
      0.008739188313484192,
      0.01794092170894146,
      0.008357922546565533,
      0.0071829562075436115,
      0.007635864894837141,
      0.008987613022327423,
      0.0071833087131381035,
      0.0060708480887115,
      0.018408801406621933,
      0.010098511353135109,
      0.007034686394035816,
      0.00718272291123867,
      0.0075517455115914345,
      0.007135910447686911,
      0.008989180438220501,
      0.009348243474960327,
      0.013522152788937092,
      0.007714045234024525,
      0.006711010821163654,
      0.006233645137399435,
      0.007931147702038288,
      0.009156085550785065,
      0.010824642144143581
    ],
    "words_count": 29,
    "masks_sampled": 300,
    "masks_unique": 300,
    "base_sim": 0.24933260679244995,
    "token_max": 0.9999995231628418,
    "token_cov@tau": 0.10344827586206896,
    "reg_used": 0.01,
    "weight_range": [
      2.5774013010568126e-10,
      149.9250366992648
    ]
  },
  "outputs": {
    "png": "/root/clip_xai/final/xai_results_final/kernelshap/derma_ddi2_a171a6bffc11.png"
  }
}