{
  "image_path": "/root/clip_xai/dermaCAP/dermaCAP_img/derma_ddi2_9f52f4222bc0.png",
  "method": "kernelshap_wordlevel",
  "config": {
    "canvas_width_px": 720,
    "canvas_height_px": 1400,
    "margins_px": 16,
    "block_gap_px": 10,
    "image_block_height_px": 360,
    "max_tokens": 40,
    "num_samples": 300,
    "ridge_lambda": 0.01,
    "batch_text": 32,
    "tau": 0.6,
    "fs_header": 22,
    "fs_text": 20,
    "fs_small": 16,
    "fs_text_min": 14,
    "line_pad_px": 6,
    "font_path_regular": "/usr/share/fonts/truetype/dejavu/DejaVuSans.ttf",
    "auto_shrink_text": true,
    "auto_expand_canvas": true,
    "canvas_height_max_px": 4000,
    "show_reference": true
  },
  "caption_generated": "This is a photo of a skin lesion on the external genitalia of the male genitalia, with a rough surface, consistent with the clinical presentation of seborrheic keratosis. It is recommended to seek...",
  "caption_reference": "More than 1 photo for this patient: No, Fitzpatrick skin type: IV, Anatomical site (detailed): Right scrotum, Anatomical site (general): Anogenital, Diagnosis (detailed): Basal cell carcinoma, nodular type, Diagnosis (general): Basal cell carcinoma, Dermatological presentation: growth, Benign/Malignant: malignant, Common/Uncommon: common, Cropped: No, Extra markings: ruler, Sex: Male, Race: Asian, Ethnicity: Non-Hispanic, Self-described ethnic background: Unknown, Language: Mandarin, Interpreter needed: Yes",
  "meta": {
    "phi_raw": [
      0.006805887445807457,
      0.008548316545784473,
      0.010128303430974483,
      0.0033269901759922504,
      0.009334898553788662,
      0.010128354653716087,
      0.008243714459240437,
      0.013862112537026405,
      0.008408361114561558,
      0.008836155757308006,
      0.00011378090130165219,
      0.006253993604332209,
      0.009334838017821312,
      0.008836156688630581,
      0.0042719291523098946,
      0.009583540260791779,
      0.004124531056731939,
      0.01012828666716814,
      0.008920296095311642,
      0.015829777345061302,
      0.009235166944563389,
      0.004124561790376902,
      0.008836181834340096,
      0.0058104777708649635,
      0.0012394716031849384,
      0.00933496281504631,
      0.004111736547201872,
      0.0045831650495529175,
      0.011206557974219322,
      0.008548274636268616,
      0.005320022348314524,
      0.009362680837512016,
      0.008060308173298836
    ],
    "words_count": 33,
    "masks_sampled": 300,
    "masks_unique": 300,
    "base_sim": 0.2547875940799713,
    "token_max": 0.9999992847442627,
    "token_cov@tau": 0.21212121212121213,
    "reg_used": 0.01,
    "weight_range": [
      1.5116723244643655e-11,
      149.92503740630582
    ]
  },
  "outputs": {
    "png": "/root/clip_xai/final/xai_results_final/kernelshap/derma_ddi2_9f52f4222bc0.png"
  }
}