{
  "image_path": "/root/clip_xai/dermaCAP/dermaCAP_img/derma_ddi2_09062554266e.png",
  "method": "kernelshap_wordlevel",
  "config": {
    "canvas_width_px": 720,
    "canvas_height_px": 1400,
    "margins_px": 16,
    "block_gap_px": 10,
    "image_block_height_px": 360,
    "max_tokens": 40,
    "num_samples": 300,
    "ridge_lambda": 0.01,
    "batch_text": 32,
    "tau": 0.6,
    "fs_header": 22,
    "fs_text": 20,
    "fs_small": 16,
    "fs_text_min": 14,
    "line_pad_px": 6,
    "font_path_regular": "/usr/share/fonts/truetype/dejavu/DejaVuSans.ttf",
    "auto_shrink_text": true,
    "auto_expand_canvas": true,
    "canvas_height_max_px": 4000,
    "show_reference": true
  },
  "caption_generated": "This is a photo of a skin lesion on the back of the hand, showing a black-brown papule with a rough surface. This is a common skin condition, usually caused by overgrowth of sebaceous glands. It is...",
  "caption_reference": "More than 1 photo for this patient: No, Fitzpatrick skin type: 3, 4, Anatomical site (detailed): Left posterior upper arm, Anatomical site (general): Upper Limb, Diagnosis (detailed): Angiokeratoma, Diagnosis (general): Angiokeratoma, Dermatological presentation: rash, Benign/Malignant: benign, Common/Uncommon: common, Cropped: No, Extra markings: marker, ruler, Sex: Male, Race: Asian, Ethnicity: Non-Hispanic, Self-described ethnic background: Unknown, Language: English, Interpreter needed: No",
  "meta": {
    "phi_raw": [
      0.009701642207801342,
      0.006641529034823179,
      0.006400297861546278,
      0.007047844119369984,
      0.010219636373221874,
      0.0064002880826592445,
      0.008697928860783577,
      0.012039902620017529,
      0.010427568107843399,
      0.007490784861147404,
      0.0043592313304543495,
      0.010219629853963852,
      0.0074907769449055195,
      0.005284934304654598,
      0.0024914508685469627,
      0.00640029925853014,
      0.011254264041781425,
      0.008509780280292034,
      0.004652649164199829,
      0.0064002955332398415,
      0.007352427579462528,
      0.012124882079660892,
      0.009701629169285297,
      0.006641543935984373,
      0.006400290876626968,
      0.005497816018760204,
      0.008697925135493279,
      -0.0012299185618758202,
      0.0011096179950982332,
      0.004298090469092131,
      0.010259080678224564,
      -0.005308886524289846,
      0.010219615884125233,
      0.011569761671125889,
      0.004637995269149542,
      0.009797285310924053,
      0.009917386807501316
    ],
    "words_count": 37,
    "masks_sampled": 300,
    "masks_unique": 300,
    "base_sim": 0.26381224393844604,
    "token_max": 0.9999991655349731,
    "token_cov@tau": 0.5135135135135135,
    "reg_used": 0.01,
    "weight_range": [
      8.929956206459697e-13,
      149.9250374738885
    ]
  },
  "outputs": {
    "png": "/root/clip_xai/final/xai_results_final/kernelshap/derma_ddi2_09062554266e.png"
  }
}