{
  "image_path": "/root/clip_xai/dermaCAP/dermaCAP_img/derma_ddi2_db3b54c97837.png",
  "method": "kernelshap_wordlevel",
  "config": {
    "canvas_width_px": 720,
    "canvas_height_px": 1400,
    "margins_px": 16,
    "block_gap_px": 10,
    "image_block_height_px": 360,
    "max_tokens": 40,
    "num_samples": 300,
    "ridge_lambda": 0.01,
    "batch_text": 32,
    "tau": 0.6,
    "fs_header": 22,
    "fs_text": 20,
    "fs_small": 16,
    "fs_text_min": 14,
    "line_pad_px": 6,
    "font_path_regular": "/usr/share/fonts/truetype/dejavu/DejaVuSans.ttf",
    "auto_shrink_text": true,
    "auto_expand_canvas": true,
    "canvas_height_max_px": 4000,
    "show_reference": true
  },
  "caption_generated": "The patient presents with black papules on the skin surface, with a rough surface and a rough texture. Based on the patient's symptoms and medical history, it is recommended to undergo a skin biopsy...",
  "caption_reference": "More than 1 photo for this patient: No, Fitzpatrick skin type: 3, 4, Anatomical site (detailed): Scrotum, Anatomical site (general): Anogenital, Diagnosis (detailed): Condyloma acuminatum, Diagnosis (general): Condyloma acuminatum, Dermatological presentation: growth, Benign/Malignant: benign, Common/Uncommon: common, Cropped: No, Extra markings: marker, ruler, Sex: Male, Race: Asian, Ethnicity: Non-Hispanic, Self-described ethnic background: Unknown, Language: English, Interpreter needed: No",
  "meta": {
    "phi_raw": [
      0.00849464163184166,
      3.689838922582567e-05,
      0.0021202643401920795,
      0.007178967818617821,
      0.008981592021882534,
      -0.004507757257670164,
      0.009502117522060871,
      0.008494618348777294,
      0.008909715339541435,
      0.012631730176508427,
      0.007178842090070248,
      0.011411303654313087,
      0.0037298062816262245,
      0.012082732282578945,
      0.00918557308614254,
      0.011411180719733238,
      0.0037297913804650307,
      0.01028465572744608,
      0.00792688224464655,
      0.009502163156867027,
      0.00849462952464819,
      -0.002000282285735011,
      -0.0038932792376726866,
      0.009185679256916046,
      0.006117910146713257,
      0.009049945510923862,
      0.011313789524137974,
      0.00889522209763527,
      0.008465033955872059,
      0.0095670772716403,
      -0.00142083247192204,
      0.011411149986088276,
      0.008909734897315502,
      0.009948334656655788
    ],
    "words_count": 34,
    "masks_sampled": 300,
    "masks_unique": 300,
    "base_sim": 0.2423236221075058,
    "token_max": 0.9999991655349731,
    "token_cov@tau": 0.6764705882352942,
    "reg_used": 0.01,
    "weight_range": [
      7.336056869317532e-12,
      149.9250374184331
    ]
  },
  "outputs": {
    "png": "/root/clip_xai/final/xai_results_final/kernelshap/derma_ddi2_db3b54c97837.png"
  }
}