{
  "image_path": "/root/clip_xai/dermaCAP/dermaCAP_img/derma_ddi2_53a2b9ca63ed.png",
  "method": "kernelshap_wordlevel",
  "config": {
    "canvas_width_px": 720,
    "canvas_height_px": 1400,
    "margins_px": 16,
    "block_gap_px": 10,
    "image_block_height_px": 360,
    "max_tokens": 40,
    "num_samples": 300,
    "ridge_lambda": 0.01,
    "batch_text": 32,
    "tau": 0.6,
    "fs_header": 22,
    "fs_text": 20,
    "fs_small": 16,
    "fs_text_min": 14,
    "line_pad_px": 6,
    "font_path_regular": "/usr/share/fonts/truetype/dejavu/DejaVuSans.ttf",
    "auto_shrink_text": true,
    "auto_expand_canvas": true,
    "canvas_height_max_px": 4000,
    "show_reference": true
  },
  "caption_generated": "In this case, the patient presents with black-brown papules on the back of the neck, which are consistent with the clinical features of seborrheic keratosis. This is a common skin condition that...",
  "caption_reference": "More than 1 photo for this patient: No, Fitzpatrick skin type: III, Anatomical site (detailed): Right upper back, Anatomical site (general): Back, Diagnosis (detailed): Intradermal melanocytic nevus, Diagnosis (general): Benign nevus, Dermatological presentation: growth, Benign/Malignant: benign, Common/Uncommon: common, Cropped: No, Extra markings: marker, ruler, Sex: Male, Race: Asian, Ethnicity: Non-Hispanic, Self-described ethnic background: Chinese, except Taiwanese, Language: English, Interpreter needed: No",
  "meta": {
    "phi_raw": [
      0.01046028733253479,
      0.008367273956537247,
      0.007740743458271027,
      0.009662819094955921,
      -9.721379319671541e-05,
      0.0041190870106220245,
      0.005884969141334295,
      0.011698857881128788,
      0.00787528045475483,
      0.011473102495074272,
      0.009662971831858158,
      0.006628760136663914,
      0.012277273461222649,
      0.009662900120019913,
      0.010024331510066986,
      0.005733662284910679,
      0.011513994075357914,
      0.006997926626354456,
      0.005884777754545212,
      0.009662858210504055,
      0.00457111606374383,
      0.007640688680112362,
      0.012277527712285519,
      0.006422065664082766,
      0.009562835097312927,
      0.008367282338440418,
      0.009223531000316143,
      0.009268857538700104,
      0.004114462062716484,
      0.010605936869978905,
      -0.005394092760980129,
      0.01058551948517561
    ],
    "words_count": 32,
    "masks_sampled": 300,
    "masks_unique": 300,
    "base_sim": 0.2524741291999817,
    "token_max": 0.9999991655349731,
    "token_cov@tau": 0.65625,
    "reg_used": 0.01,
    "weight_range": [
      3.020392162241124e-11,
      149.92503732296984
    ]
  },
  "outputs": {
    "png": "/root/clip_xai/final/xai_results_final/kernelshap/derma_ddi2_53a2b9ca63ed.png"
  }
}