{
  "image_path": "/root/clip_xai/dermaCAP/dermaCAP_img/derma_ddi2_b6be9c460512.png",
  "method": "kernelshap_wordlevel",
  "config": {
    "canvas_width_px": 720,
    "canvas_height_px": 1400,
    "margins_px": 16,
    "block_gap_px": 10,
    "image_block_height_px": 360,
    "max_tokens": 40,
    "num_samples": 300,
    "ridge_lambda": 0.01,
    "batch_text": 32,
    "tau": 0.6,
    "fs_header": 22,
    "fs_text": 20,
    "fs_small": 16,
    "fs_text_min": 14,
    "line_pad_px": 6,
    "font_path_regular": "/usr/share/fonts/truetype/dejavu/DejaVuSans.ttf",
    "auto_shrink_text": true,
    "auto_expand_canvas": true,
    "canvas_height_max_px": 4000,
    "show_reference": true
  },
  "caption_generated": "Is control: No, Distance: 1ft, Location: left back, Path (coarse): benign-seborrheic keratosis, Pathology report: inflamed sebaceous gland, excised on plane of section reviewed,",
  "caption_reference": "More than 1 photo for this patient: No, Fitzpatrick skin type: III, Anatomical site (detailed): Left upper back, Anatomical site (general): Back, Diagnosis (detailed): Seborrheic keratosis, Diagnosis (general): Benign keratosis, Dermatological presentation: growth, Benign/Malignant: benign, Common/Uncommon: common, Cropped: Yes, Extra markings: marker, ruler, Sex: Male, Race: Asian, Ethnicity: Non-Hispanic, Self-described ethnic background: Unknown, Language: Cantonese, Interpreter needed: Yes",
  "meta": {
    "phi_raw": [
      0.00630967179313302,
      0.014759975485503674,
      0.017021281644701958,
      0.010532300919294357,
      -0.0008782414952293038,
      0.012677409686148167,
      0.016553737223148346,
      0.020382702350616455,
      0.006264965981245041,
      0.002446575555950403,
      0.00872274674475193,
      0.008540051989257336,
      0.010744371451437473,
      0.008665334433317184,
      0.013824648223817348,
      0.019506340846419334,
      0.010789331048727036,
      0.004574349150061607,
      0.009903195314109325,
      0.01378602348268032,
      0.010284367948770523,
      0.0094705605879426,
      0.015482485294342041
    ],
    "words_count": 23,
    "masks_sampled": 300,
    "masks_unique": 300,
    "base_sim": 0.25035613775253296,
    "token_max": 0.9999995231628418,
    "token_cov@tau": 0.391304347826087,
    "reg_used": 0.01,
    "weight_range": [
      1.848081144384764e-08,
      149.92499145224778
    ]
  },
  "outputs": {
    "png": "/root/clip_xai/final/xai_results_final/kernelshap/derma_ddi2_b6be9c460512.png"
  }
}