{
  "image_path": "/root/clip_xai/dermaCAP/dermaCAP_img/derma_ddi2_b431695a5e21.png",
  "method": "kernelshap_wordlevel",
  "config": {
    "canvas_width_px": 720,
    "canvas_height_px": 1400,
    "margins_px": 16,
    "block_gap_px": 10,
    "image_block_height_px": 360,
    "max_tokens": 40,
    "num_samples": 300,
    "ridge_lambda": 0.01,
    "batch_text": 32,
    "tau": 0.6,
    "fs_header": 22,
    "fs_text": 20,
    "fs_small": 16,
    "fs_text_min": 14,
    "line_pad_px": 6,
    "font_path_regular": "/usr/share/fonts/truetype/dejavu/DejaVuSans.ttf",
    "auto_shrink_text": true,
    "auto_expand_canvas": true,
    "canvas_height_max_px": 4000,
    "show_reference": true
  },
  "caption_generated": "This is a photo of the patient's abdomen showing multiple small red papules on the surface of the skin, consistent with the clinical presentation of urticaria. Urticaria is a common skin condition...",
  "caption_reference": "More than 1 photo for this patient: Yes, Fitzpatrick skin type: 3, 4, Anatomical site (detailed): Right flank, Anatomical site (general): Abdomen, Diagnosis (detailed): Spongiotic dermatitis with eosinophils and underlying folliculitis, Diagnosis (general): Spongiotic dermatitis, folliculitis, Dermatological presentation: rash, Benign/Malignant: benign, Common/Uncommon: common, Cropped: No, Extra markings: marker, Sex: Male, Race: Asian, Ethnicity: Non-Hispanic, Self-described ethnic background: Japanese, Language: English, Interpreter needed: No",
  "meta": {
    "phi_raw": [
      0.009358285926282406,
      0.008348247967660427,
      0.006793031003326178,
      0.0026586654130369425,
      0.007949404418468475,
      0.004813265986740589,
      0.003791813738644123,
      0.01210204791277647,
      -0.00035391509300097823,
      0.006472836714237928,
      0.012537479400634766,
      0.007866025902330875,
      0.01837942562997341,
      0.005005888175219297,
      0.004813311155885458,
      0.015031654387712479,
      0.007949414663016796,
      0.004813353065401316,
      0.008877811022102833,
      0.008069779723882675,
      0.005889120977371931,
      0.004813276696950197,
      0.004951268434524536,
      0.0045130327343940735,
      0.007949484512209892,
      0.01668846420943737,
      0.013521779328584671,
      0.008348151110112667,
      0.006792974192649126,
      0.0036760272923856974,
      0.010362249799072742,
      0.005038996692746878
    ],
    "words_count": 32,
    "masks_sampled": 300,
    "masks_unique": 300,
    "base_sim": 0.24781714379787445,
    "token_max": 0.999999463558197,
    "token_cov@tau": 0.1875,
    "reg_used": 0.01,
    "weight_range": [
      3.020392162241124e-11,
      149.92503732296984
    ]
  },
  "outputs": {
    "png": "/root/clip_xai/final/xai_results_final/kernelshap/derma_ddi2_b431695a5e21.png"
  }
}