{
  "image_path": "/root/clip_xai/dermaCAP/dermaCAP_img/derma_ddi2_52b1a15928fc.png",
  "method": "kernelshap_wordlevel",
  "config": {
    "canvas_width_px": 720,
    "canvas_height_px": 1400,
    "margins_px": 16,
    "block_gap_px": 10,
    "image_block_height_px": 360,
    "max_tokens": 40,
    "num_samples": 300,
    "ridge_lambda": 0.01,
    "batch_text": 32,
    "tau": 0.6,
    "fs_header": 22,
    "fs_text": 20,
    "fs_small": 16,
    "fs_text_min": 14,
    "line_pad_px": 6,
    "font_path_regular": "/usr/share/fonts/truetype/dejavu/DejaVuSans.ttf",
    "auto_shrink_text": true,
    "auto_expand_canvas": true,
    "canvas_height_max_px": 4000,
    "show_reference": true
  },
  "caption_generated": "This is a photo of a skin lesion on the scalp, with a rough surface, consistent with the clinical presentation of seborrheic keratosis. This is a common skin condition, usually caused by overgrowth...",
  "caption_reference": "More than 1 photo for this patient: No, Fitzpatrick skin type: 3, 4, Anatomical site (detailed): Posterior neck, Anatomical site (general): Head and Neck, Diagnosis (detailed): Prurigo nodularis, Diagnosis (general): Prurigo nodularis, Dermatological presentation: growth, Benign/Malignant: benign, Common/Uncommon: common, Cropped: No, Extra markings: marker, ruler, Sex: Male, Race: Asian, Ethnicity: Non-Hispanic, Self-described ethnic background: Unknown, Language: English, Interpreter needed: No",
  "meta": {
    "phi_raw": [
      0.007703137584030628,
      0.00508605781942606,
      0.009353690780699253,
      0.0028193029575049877,
      0.010147209279239178,
      0.009353735484182835,
      0.006373353768140078,
      0.00977993756532669,
      0.008723895065486431,
      0.008577968925237656,
      0.018508411943912506,
      0.006140202283859253,
      0.009353495202958584,
      0.010320018045604229,
      0.013384724035859108,
      0.014275233261287212,
      0.006140242796391249,
      0.008578076958656311,
      0.003774419194087386,
      0.007824084721505642,
      0.010147269815206528,
      0.004893803037703037,
      0.002656947122886777,
      0.007703241426497698,
      0.005086119286715984,
      0.009353598579764366,
      0.0030686119571328163,
      0.006373384967446327,
      0.0014195439871400595,
      0.0033296437468379736,
      0.011534713208675385,
      0.010554702021181583,
      0.012410805560648441
    ],
    "words_count": 33,
    "masks_sampled": 300,
    "masks_unique": 300,
    "base_sim": 0.2647438645362854,
    "token_max": 0.999999463558197,
    "token_cov@tau": 0.12121212121212122,
    "reg_used": 0.01,
    "weight_range": [
      1.5116723244643655e-11,
      149.92503740630582
    ]
  },
  "outputs": {
    "png": "/root/clip_xai/final/xai_results_final/kernelshap/derma_ddi2_52b1a15928fc.png"
  }
}