{
  "image_path": "/root/clip_xai/dermaCAP/dermaCAP_img/derma_ddi2_1a7a8c068b8c.png",
  "method": "kernelshap_wordlevel",
  "config": {
    "canvas_width_px": 720,
    "canvas_height_px": 1400,
    "margins_px": 16,
    "block_gap_px": 10,
    "image_block_height_px": 360,
    "max_tokens": 40,
    "num_samples": 300,
    "ridge_lambda": 0.01,
    "batch_text": 32,
    "tau": 0.6,
    "fs_header": 22,
    "fs_text": 20,
    "fs_small": 16,
    "fs_text_min": 14,
    "line_pad_px": 6,
    "font_path_regular": "/usr/share/fonts/truetype/dejavu/DejaVuSans.ttf",
    "auto_shrink_text": true,
    "auto_expand_canvas": true,
    "canvas_height_max_px": 4000,
    "show_reference": true
  },
  "caption_generated": "This is a photo of a skin lesion on the nasal ala of the patient's nose, showing a red papule with a rough surface, consistent with the clinical features of a basal cell carcinoma. Basal cell...",
  "caption_reference": "More than 1 photo for this patient: No, Fitzpatrick skin type: III, Anatomical site (detailed): Left nasal side wall, Anatomical site (general): Head and Neck, Diagnosis (detailed): Ruptured follicle/epidermal cyst, Diagnosis (general): Epidermal cyst, Dermatological presentation: growth, Benign/Malignant: benign, Common/Uncommon: common, Cropped: Yes, Extra markings: marker, ruler, Sex: Female, Race: Asian, Ethnicity: Non-Hispanic, Self-described ethnic background: Unknown, Language: Cantonese, Interpreter needed: Yes",
  "meta": {
    "phi_raw": [
      0.007630877662450075,
      0.0042580203153193,
      0.007568973116576672,
      0.0046730926260352135,
      0.009371723979711533,
      0.007568948436528444,
      0.004651674069464207,
      0.008480353280901909,
      0.009316402487456799,
      0.007585484534502029,
      0.01835581474006176,
      0.00647303182631731,
      0.009371722117066383,
      0.007585476618260145,
      -0.0006190660642459989,
      0.020800739526748657,
      -0.002128172665834427,
      0.007568957284092903,
      0.0066285450011491776,
      0.011326462030410767,
      0.002247948432341218,
      0.007568961009383202,
      0.010090367868542671,
      0.013842702843248844,
      0.006421633996069431,
      0.002247955882921815,
      0.007585471495985985,
      0.005349914543330669,
      0.008191093802452087,
      0.009371744468808174,
      0.0075689745135605335,
      0.01000575628131628,
      0.008026747032999992,
      0.01358396653085947,
      0.010005751624703407,
      0.012909511104226112
    ],
    "words_count": 36,
    "masks_sampled": 300,
    "masks_unique": 300,
    "base_sim": 0.29148226976394653,
    "token_max": 0.9999995231628418,
    "token_cov@tau": 0.1388888888888889,
    "reg_used": 0.01,
    "weight_range": [
      1.7846131615533724e-12,
      149.92503746741332
    ]
  },
  "outputs": {
    "png": "/root/clip_xai/final/xai_results_final/kernelshap/derma_ddi2_1a7a8c068b8c.png"
  }
}