{
  "image_path": "/root/clip_xai/dermaCAP/dermaCAP_img/derma_ddi2_d9d350922cde.png",
  "method": "kernelshap_wordlevel",
  "config": {
    "canvas_width_px": 720,
    "canvas_height_px": 1400,
    "margins_px": 16,
    "block_gap_px": 10,
    "image_block_height_px": 360,
    "max_tokens": 40,
    "num_samples": 300,
    "ridge_lambda": 0.01,
    "batch_text": 32,
    "tau": 0.6,
    "fs_header": 22,
    "fs_text": 20,
    "fs_small": 16,
    "fs_text_min": 14,
    "line_pad_px": 6,
    "font_path_regular": "/usr/share/fonts/truetype/dejavu/DejaVuSans.ttf",
    "auto_shrink_text": true,
    "auto_expand_canvas": true,
    "canvas_height_max_px": 4000,
    "show_reference": true
  },
  "caption_generated": "More than 1 photo for this patient: No, Fitzpatrick skin type: 3, 4, Anatomical site (detailed): Anogenital, Path (coarse): Actinic keratosis, Dermatological presentation: growth, Benign/",
  "caption_reference": "More than 1 photo for this patient: Yes, Fitzpatrick skin type: III, Anatomical site (detailed): Left inguinal fold, Anatomical site (general): Anogenital, Diagnosis (detailed): Acrochordon, Diagnosis (general): Acrochordon, Dermatological presentation: growth, Benign/Malignant: benign, Common/Uncommon: common, Cropped: No, Extra markings: marker, Sex: Female, Race: Asian, Ethnicity: Non-Hispanic, Self-described ethnic background: Unknown, Language: English, Interpreter needed: No",
  "meta": {
    "phi_raw": [
      0.010980675928294659,
      0.004263844341039658,
      0.009118153713643551,
      0.0058545940555632114,
      0.016098501160740852,
      0.011725286021828651,
      -0.0012355996295809746,
      0.017853813245892525,
      0.00438097957521677,
      0.016673460602760315,
      0.0053270068019628525,
      0.013052187860012054,
      0.011449267156422138,
      0.009301207959651947,
      0.007144311908632517,
      0.009655059315264225,
      0.013821838423609734,
      -0.005334788467735052,
      -0.001335485023446381,
      0.008283118717372417,
      0.007272924762219191,
      0.006751182023435831,
      0.005748214665800333,
      0.012269931845366955,
      0.00966382771730423
    ],
    "words_count": 25,
    "masks_sampled": 300,
    "masks_unique": 300,
    "base_sim": 0.2087763547897339,
    "token_max": 0.999999463558197,
    "token_cov@tau": 0.36,
    "reg_used": 0.01,
    "weight_range": [
      4.435395864860031e-09,
      149.92502925420553
    ]
  },
  "outputs": {
    "png": "/root/clip_xai/final/xai_results_final/kernelshap/derma_ddi2_d9d350922cde.png"
  }
}