{
  "image_path": "/root/clip_xai/dermaCAP/dermaCAP_img/derma_ddi2_b6c294ee0b4f.png",
  "method": "kernelshap_wordlevel",
  "config": {
    "canvas_width_px": 720,
    "canvas_height_px": 1400,
    "margins_px": 16,
    "block_gap_px": 10,
    "image_block_height_px": 360,
    "max_tokens": 40,
    "num_samples": 300,
    "ridge_lambda": 0.01,
    "batch_text": 32,
    "tau": 0.6,
    "fs_header": 22,
    "fs_text": 20,
    "fs_small": 16,
    "fs_text_min": 14,
    "line_pad_px": 6,
    "font_path_regular": "/usr/share/fonts/truetype/dejavu/DejaVuSans.ttf",
    "auto_shrink_text": true,
    "auto_expand_canvas": true,
    "canvas_height_max_px": 4000,
    "show_reference": true
  },
  "caption_generated": "Is control: No, Distance: 6in, Location: l thigh, Path (coarse): malignant- scleroderma, Pathology report: invasive squamous cell carcinoma in situ, transected at the deep margin,",
  "caption_reference": "More than 1 photo for this patient: Yes, Fitzpatrick skin type: III, Anatomical site (detailed): Right upper thigh, Anatomical site (general): Lower Limb, Diagnosis (detailed): Bullous pemphigoid, Diagnosis (general): Bullous pemphigoid, Dermatological presentation: rash, Benign/Malignant: benign, Common/Uncommon: uncommon, Cropped: No, Extra markings: none, Sex: Male, Race: Asian, Ethnicity: Non-Hispanic, Self-described ethnic background: Unknown, Language: English, Interpreter needed: No",
  "meta": {
    "phi_raw": [
      0.008642439730465412,
      0.01936318911612034,
      0.01783193275332451,
      0.010974742472171783,
      -0.005772917531430721,
      0.018930576741695404,
      -0.0011641456512734294,
      0.014730933122336864,
      0.005809817463159561,
      -0.009685234166681767,
      0.005224842578172684,
      -0.00038568602758459747,
      0.011131222359836102,
      0.011351581662893295,
      0.003375882050022483,
      0.026836439967155457,
      0.016410933807492256,
      1.0466344974702224e-05,
      0.0114939846098423,
      0.004957255907356739,
      -0.003833582391962409,
      0.01459907740354538,
      0.009893023408949375,
      0.01240855548530817,
      0.01032953429967165
    ],
    "words_count": 25,
    "masks_sampled": 300,
    "masks_unique": 300,
    "base_sim": 0.21345822513103485,
    "token_max": 0.9999996423721313,
    "token_cov@tau": 0.2,
    "reg_used": 0.01,
    "weight_range": [
      4.435395864860031e-09,
      149.92502925420553
    ]
  },
  "outputs": {
    "png": "/root/clip_xai/final/xai_results_final/kernelshap/derma_ddi2_b6c294ee0b4f.png"
  }
}