{
  "image_path": "/root/clip_xai/dermaCAP/dermaCAP_img/derma_ddi2_95592bebd3de.png",
  "method": "kernelshap_wordlevel",
  "config": {
    "canvas_width_px": 720,
    "canvas_height_px": 1400,
    "margins_px": 16,
    "block_gap_px": 10,
    "image_block_height_px": 360,
    "max_tokens": 40,
    "num_samples": 300,
    "ridge_lambda": 0.01,
    "batch_text": 32,
    "tau": 0.6,
    "fs_header": 22,
    "fs_text": 20,
    "fs_small": 16,
    "fs_text_min": 14,
    "line_pad_px": 6,
    "font_path_regular": "/usr/share/fonts/truetype/dejavu/DejaVuSans.ttf",
    "auto_shrink_text": true,
    "auto_expand_canvas": true,
    "canvas_height_max_px": 4000,
    "show_reference": true
  },
  "caption_generated": "This is a photo of the patient's face, showing a large number of small round papules on the skin surface, consistent with the clinical presentation of actinic keratosis. This is a common skin...",
  "caption_reference": "More than 1 photo for this patient: Yes, Fitzpatrick skin type: 3, 4, Anatomical site (detailed): Right cheek, Anatomical site (general): Head and Neck, Diagnosis (detailed): Seborrheic keratosis, Diagnosis (general): Benign keratosis, Dermatological presentation: growth, Benign/Malignant: benign, Common/Uncommon: common, Cropped: Yes, Extra markings: marker, Sex: Female, Race: Asian, Ethnicity: Non-Hispanic, Self-described ethnic background: Filipino, Language: English, Interpreter needed: No",
  "meta": {
    "phi_raw": [
      0.007440867833793163,
      0.006370070390403271,
      0.006883137859404087,
      0.01029174029827118,
      0.010315096005797386,
      0.007023391779512167,
      0.005649907980114222,
      0.01334797777235508,
      0.006896421778947115,
      0.006882998626679182,
      0.0065273563377559185,
      0.007180823013186455,
      0.010315059684216976,
      0.010883570648729801,
      0.007621922995895147,
      0.008728695102036,
      0.010326685383915901,
      0.007023320067673922,
      0.005522622726857662,
      0.009922856464982033,
      0.005216328427195549,
      0.008647524751722813,
      0.00702322693541646,
      0.012075856328010559,
      0.003953936509788036,
      0.010315168648958206,
      0.014137559570372105,
      0.009539665654301643,
      0.007440810091793537,
      0.006370034534484148,
      0.006883077323436737,
      0.005892100278288126,
      0.008853498846292496
    ],
    "words_count": 33,
    "masks_sampled": 300,
    "masks_unique": 300,
    "base_sim": 0.27149704098701477,
    "token_max": 0.9999989867210388,
    "token_cov@tau": 0.2727272727272727,
    "reg_used": 0.01,
    "weight_range": [
      1.5116723244643655e-11,
      149.92503740630582
    ]
  },
  "outputs": {
    "png": "/root/clip_xai/final/xai_results_final/kernelshap/derma_ddi2_95592bebd3de.png"
  }
}