{
  "image_path": "/root/clip_xai/dermaCAP/dermaCAP_img/derma_ddi2_a5aecd44b2ad.png",
  "method": "kernelshap_wordlevel",
  "config": {
    "canvas_width_px": 720,
    "canvas_height_px": 1400,
    "margins_px": 16,
    "block_gap_px": 10,
    "image_block_height_px": 360,
    "max_tokens": 40,
    "num_samples": 300,
    "ridge_lambda": 0.01,
    "batch_text": 32,
    "tau": 0.6,
    "fs_header": 22,
    "fs_text": 20,
    "fs_small": 16,
    "fs_text_min": 14,
    "line_pad_px": 6,
    "font_path_regular": "/usr/share/fonts/truetype/dejavu/DejaVuSans.ttf",
    "auto_shrink_text": true,
    "auto_expand_canvas": true,
    "canvas_height_max_px": 4000,
    "show_reference": true
  },
  "caption_generated": "The patient presents with 1-3-mm-thick papules on the back of the hand, some of which have a rough surface, and some have a smooth surface, consistent with the clinical presentation of seborrheic...",
  "caption_reference": "More than 1 photo for this patient: Yes, Fitzpatrick skin type: 3, 4, Anatomical site (detailed): Right forearm, Anatomical site (general): Upper Limb, Diagnosis (detailed): Blue nevus, Diagnosis (general): Blue nevus, Dermatological presentation: growth, Benign/Malignant: benign, Common/Uncommon: common, Cropped: No, Extra markings: marker, ruler, Sex: Female, Race: Asian, Ethnicity: Non-Hispanic, Self-described ethnic background: Filipino, Language: English, Interpreter needed: No",
  "meta": {
    "phi_raw": [
      0.005828207824379206,
      0.009574240073561668,
      0.002615890931338072,
      0.0029468834400177,
      0.007837476208806038,
      -6.691557791782543e-05,
      0.006845412775874138,
      0.005828317254781723,
      0.003874718677252531,
      0.009166316129267216,
      0.005828327499330044,
      0.01635802909731865,
      0.007918234914541245,
      0.009166356176137924,
      0.00689949095249176,
      0.005166894290596247,
      0.0009684946853667498,
      0.012525002472102642,
      0.004498471971601248,
      0.009010479785501957,
      0.00791842583566904,
      0.0051668244414031506,
      0.0009685899713076651,
      0.008716878481209278,
      0.00449863588437438,
      0.005517764948308468,
      0.002946880180388689,
      0.005828253459185362,
      0.0072046746499836445,
      0.006006722804158926,
      0.009166451171040535,
      0.0034837324637919664
    ],
    "words_count": 32,
    "masks_sampled": 300,
    "masks_unique": 300,
    "base_sim": 0.20020881295204163,
    "token_max": 0.9999994039535522,
    "token_cov@tau": 0.0625,
    "reg_used": 0.01,
    "weight_range": [
      3.020392162241124e-11,
      149.92503732296984
    ]
  },
  "outputs": {
    "png": "/root/clip_xai/final/xai_results_final/kernelshap/derma_ddi2_a5aecd44b2ad.png"
  }
}