{
  "image_path": "/root/clip_xai/dermaCAP/dermaCAP_img/derma_ddi2_2dcb20ef3bb5.png",
  "method": "kernelshap_wordlevel",
  "config": {
    "canvas_width_px": 720,
    "canvas_height_px": 1400,
    "margins_px": 16,
    "block_gap_px": 10,
    "image_block_height_px": 360,
    "max_tokens": 40,
    "num_samples": 300,
    "ridge_lambda": 0.01,
    "batch_text": 32,
    "tau": 0.6,
    "fs_header": 22,
    "fs_text": 20,
    "fs_small": 16,
    "fs_text_min": 14,
    "line_pad_px": 6,
    "font_path_regular": "/usr/share/fonts/truetype/dejavu/DejaVuSans.ttf",
    "auto_shrink_text": true,
    "auto_expand_canvas": true,
    "canvas_height_max_px": 4000,
    "show_reference": true
  },
  "caption_generated": "The patient presents with red papules on the back of the hand, with the same color as the skin lesion. Based on the patient's symptoms and medical history, it is recommended to undergo a skin biopsy...",
  "caption_reference": "More than 1 photo for this patient: Yes, Fitzpatrick skin type: III, Anatomical site (detailed): Right dorsal hand, Anatomical site (general): Upper Limb, Diagnosis (detailed): Dermal scar, Diagnosis (general): Scar, Dermatological presentation: growth, Benign/Malignant: benign, Common/Uncommon: common, Cropped: No, Extra markings: ruler, Sex: Female, Race: Asian, Ethnicity: Non-Hispanic, Self-described ethnic background: Japanese & American, Language: English, Interpreter needed: No",
  "meta": {
    "phi_raw": [
      0.006777971051633358,
      0.0002503391879145056,
      0.00044957318459637463,
      0.0021591142285615206,
      0.0063469805754721165,
      -0.0029327368829399347,
      0.008902531117200851,
      0.006777975242584944,
      0.002084336243569851,
      0.00785017479211092,
      0.006777973845601082,
      0.009698999114334583,
      0.002159099094569683,
      0.006777984090149403,
      -0.005765534471720457,
      0.007551991380751133,
      0.004395944066345692,
      0.006777973845601082,
      0.008771316148340702,
      0.015022956766188145,
      0.008124352432787418,
      0.00890252273529768,
      0.0067779868841171265,
      -0.0019218072993680835,
      0.0005312208086252213,
      0.008874188177287579,
      0.009399301372468472,
      0.006794928107410669,
      0.007959793321788311,
      0.003338954411447048,
      0.007250417489558458,
      0.008645879104733467,
      0.0018086532363668084,
      0.00663641095161438,
      0.008771313354372978,
      0.009173054248094559
    ],
    "words_count": 36,
    "masks_sampled": 300,
    "masks_unique": 300,
    "base_sim": 0.20189687609672546,
    "token_max": 0.9999993443489075,
    "token_cov@tau": 0.1111111111111111,
    "reg_used": 0.01,
    "weight_range": [
      1.7846131615533724e-12,
      149.92503746741332
    ]
  },
  "outputs": {
    "png": "/root/clip_xai/final/xai_results_final/kernelshap/derma_ddi2_2dcb20ef3bb5.png"
  }
}